question,answer
"An employee who joins DMRC on Deputation basis and is absorbed later on, how the information related to his PVR is maintained in DMRC?","The requirement of PVR is relaxed in case of such employees, who join DMRC on Deputation basis / absorbed in DMRC after completion of deputation, as they are joining DMRC after proper relieving from another Govt. organization / entity."
"When an employee is in service, he/she went through medical check-up by nominated hospital. What is the duration of validity of the medical fitness report?",The validity of medical fitness report is till 06 months from such medical examination
When can an employee become eligible to get NOC for Higher Education for pursuing correspondence/ part time/ distance learning mode?,"Employee becomes eligible for such NOC, after completion of Probation and further 01-year regular service, after that."
"If the remark (at the end of probation period) on the last assessment of an employee is “Not suitable”, then what will happen?","The probationer may be treated as on further extended probation. A maximum period of one year of extended probation can be allowed at the discretion of Management only, if, it is felt that the probationer can improve and earn suitability during the extended probation period."
If an employee is inducted on Direct Recruitment basis. What is their probation period?,"(i) Minimum period of 01-year, in case of induction at the level of DGM & above. (ii) Minimum period of 02 years for non-Executive cadre up to the level of Manager."
"At the end of extended probation period, if the probationer review does not merit ‘Suitable’ assessment. Then what happens?","If at the end of probation period including extended period, the probationer review does not merit ‘Suitable’ assessment, his / her services shall be terminated forthwith, in accordance with the terms of offer of appointment."
"If an employee is promoted from Non-Executive to Executive, then what is the probation period?","In such case, the probation period shall be 24 months."
Is the service rendered during contractual tenure considered as residency period for promotion purpose?,"Subsequent upon regularization, the contract service of such employees shall be counted @ maximum up to 70% for further promotion in DMRC. The maximum period of past contract service shall not exceed the quantum of 1.4 years (approx. 70% of 02 years), for promotion purposes and for other purposes including availing of various advances."
"If the discipline of an employee is changed at his/her own request, then how is the seniority in the new discipline fixed?",The seniority in the new discipline is fixed at the bottom of the list.
"If the discipline of an employee is changed on administrative ground, then how is the new seniority fixed?","The employee will get his / her due seniority in the new discipline, reckoned from the date of entry to the grade."
If an employee fails to submit his/her Self Appraisal of APAR then what happens?,"In case, an employee fails to initiate their APAR within the stipulated time frame, the Reporting Authority can initiate the employee’s APAR without the Self-Appraisal and follow the regular course of action on APAR."
What is the minimum period for which an employee should have rendered service for generation of his / her APAR?,"The employee should have completed minimum 90 days of service in the Corporation on assessment year ending, i.e., on 31st March of the year."
What are the working hours of an employee of O&M wing working at Depot / Station / Crew Control / OCC?,"All work centers of O&M Wing like Depots, Stations, Crew Controls, OCC etc. will function on 6 days a week (8 hours a day) and shifts / duty for round the clock functioning."
How many GH/NH are available for field staff?,15 nos. GH/NH are available for the field staff.
How many CL are available for field staff?,12 nos. of CL are available for the field staff.
If an Executive performs duty on his/her weekly rest. Will he/she be eligible for compensatory rest?,No. Executives are not eligible for compensatory rest in this condition.
Maximum how many Compensatory Rests can be availed in a single stretch at a time by a non-executive employee?,A maximum of three days of Compensatory Rest may be availed in a single stretch at a time.
Within how many days Compensatory rest can be availed?,"Compensatory Rest should be availed within a period of 30 days, in lieu of which it is claimed."
"If Honorarium is paid for working on weekly rest day to an O&M employee, then will he/she be eligible to get compensatory rest/conveyance charge also?","Where honorarium is paid for working on weekly rest day, like exam duty etc., no Compensatory Rest/ conveyance charges will be admissible for O&M employees."
"If an employee is transferred on his/her own request, will he/she be eligible for CTG and other transfer facilities?","No, such facilities are admissible for transfers on administrative grounds only."
"For transfer of an employee from O&M to Project or Vice versa, who is the Competent Approving authority?","Approval of both the concerned Directors is required, in such cases."
"For transfer of an employee’s posting station within the jurisdiction of AM, who is the Competent Approving authority?",Dy. HoD is the Competent Approving Authority
How many days of joining time will an employee get when he/she has to join a new post within Delhi/NCR?,1 day joining time is admissible in such cases.
If the distance between an employee’s old HQ and new HQ is 1000 Km or less. How many days of joining time will he/she get?,10 days (in case of travel by air: 7 days) are admissible in such cases.
If the distance between an employee’s old HQ and new HQ is more than 2000 Km. How many days of joining time will he/she get?,15 days (in case of travel by air: 12 days) are admissible in such cases.
If an employee gets temporarily transferred (for a period not exceeding 180 days). Will he/she get joining time?,"No. 
Only the actual transit time is allowed, as in the case of journey on tour."
"If an employee has not availed joining time, as admissible. What will happen to the un-availed portion of joining time?","When the employee joins the new post without availing of full joining time, as admissible, the un-availed portion of joining time shall be credited to his / her earned leave account (non-encash able) subject to the restrictions on accumulation of earned leave."
Can an employee combine joining time with CL?,Joining time can be combined with any kind of leave except casual leave.
Can an employee avail joining time in parts?,"Joining time should be availed in a single stretch, within six months from the relieving date, on transfer. It cannot be, under any circumstances, be availed in parts."
"After how many years of service in DMRC, an employee becomes eligible for permission to pursue an online generic course?","The online courses, from the approved list, can be undertaken by any regular employee / contract employees who has put in 02 years’ services, irrespective of their being in any job profile. Prior permission would be required to pursue online courses though."
What is the maximum limit of fee reimbursement for online courses per block of 3 years?,"Fee reimbursement shall be restricted to Rs. 12,000/- per block of 3 years (from completion of one course)."
Will an employee get incentive after successful completion of online course?,"No incentive is admissible for completing the online course. Only the course fee, within the prescribed limit, is reimbursable, subject to completion of course."
"Upon immediate joining in DMRC, will the employee be eligible to seek NOC for outside employment?","For new recruits (who join DMRC, on direct recruitment basis), it will be a condition on their appointment that no application of theirs would be forwarded for outside employment until they complete their probation period and one-year regular service in the Corporation thereafter. 
On completion of the said period, only four applications per calendar year will be forwarded for outside employment in Govt. department / office. Out of four applications, only two can be for deputation basis."
What is the condition for forwarding application for outside employment for absorbed employees?,"For absorbed employees (employees who join DMRC, initially on deputation and are absorbed later), no application will be forwarded for outside employment until they complete two years of service after absorption. Thereafter four applications per calendar year will be forwarded for outside employment in Govt. department / office."
"For a deputations, how many applications of outside employment will be forwarded to their parent unit in one calendar year?","In case of deputationists, only one application per calendar year will be forwarded to their parent unit."
"If an employee wants to apply for private job in outside organization, will such application be forwarded by DMRC?","No.
Such provision is not applicable on request to apply for Private sector jobs."
"If an employee has not taken prior permission for forwarding of application, will he/she get an NOC at the time of interview?","“No Objection Certificate” will not be granted at the time of interview unless application is forwarded officially, through proper channel or permission for applying for outside employment is obtained before applying for the said job. Post facto consideration of such request is not allowed."
"In case of contract employees, will their application for outside employment be forwarded by Corporation?","In case of contractual employees, forwarding of application for outside employment is not required. In such cases, however intimation of outside employment application is mandatory."
How many years of service is required to pursue regular / full time education program?,"For pursuing regular/ full-time education program, the request will be considered along with the request for Study Leave. 
Study leave shall be granted to a regular employee who has satisfactorily completed the period of probation and has rendered not less than five years of regular continuous service, including the period of probation."
"If an employee is pursuing any educational course prior to the appointment in DMRC, can he/she continue?","The employees, who were already pursuing any educational course prior to the time of appointment in DMRC, will require to obtain permission to continue pursuing the same. However, permission shall not be granted to such candidates who are pursuing regular full-time educational courses and the remaining duration of such courses are required to be completed through full time mode only."
What are the conditions for inclusion of a qualification in service records / monetary incentive for qualification acquired after obtaining due permission?,Qualification/s acquired after obtaining due permission from Management shall be considered for inclusion in the service records / departmental promotions / monetary incentive etc. if attained with minimum 60% marks or an equitable grade thereof.
"If an employee is on contract, then after how many years of service, he/she will be eligible for permission for higher studies?","For employees on contract, permission for pursuing higher studies (part time/correspondence/distance learning mode only) shall be given, only on completion of their 3 years’ service in DMRC. 
However, they will not be eligible for any incentive for acquiring higher qualification."
Can permission be given to an employee to pursue more than one educational course at any given time?,No. Employee is not given permission to pursue two educational courses simultaneously.
What is the tenure of regularization of TADK?,The tenure for regularization of TADK is 03 years.
"If an employee has tendered the resignation, then during notice period of 90 days what kind of leaves he/she can avail?","Subsequent upon tendering resignation, an employee is allowed to avail only CL/RH during the notice period of 90 days."
"If an employee has tendered the resignation, then during notice period of 90 days what kind of leaves he/she can avail?","Subsequent upon tendering resignation, an employee is allowed to avail only CL/RH during the notice period of 90 days."
"If an employee has tendered the resignation, then during notice period of 90 days what kind of leaves he/she can avail?","Subsequent upon tendering resignation, an employee is allowed to avail only CL/RH during the notice period of 90 days."
"If an employee has tendered the resignation, then during notice period of 90 days what kind of leaves he/she can avail?","Subsequent upon tendering resignation, an employee is allowed to avail only CL/RH during the notice period of 90 days."
What is the notice period required for tendering resignation and seeking relieving from employment of DMRC?,The notice period required for tendering resignation and seeking relieving from employment of DMRC is 90 days
What is the notice period required for tendering resignation and seeking relieving from employment of DMRC?,The notice period required for tendering resignation and seeking relieving from employment of DMRC is 90 days
What is the notice period required for tendering resignation and seeking relieving from employment of DMRC?,The notice period required for tendering resignation and seeking relieving from employment of DMRC is 90 days
"If an employee requests for early relieving (i.e., before 90 days), then how he/she can get approval?","If employee requests for early relieving (i.e., before 90 days), they can be allowed to do so with the approval of the Competent Authority i.e., concerned Director, and by making payment equivalent to last drawn (Basic Pay + DA) for the balance shortfall period."
"If an employee requests for early relieving (i.e., before 90 days), then how he/she can get approval?","If employee requests for early relieving (i.e., before 90 days), they can be allowed to do so with the approval of the Competent Authority i.e., concerned Director, and by making payment equivalent to last drawn (Basic Pay + DA) for the balance shortfall period."
"If an employee requests for early relieving (i.e., before 90 days), then how he/she can get approval?","If employee requests for early relieving (i.e., before 90 days), they can be allowed to do so with the approval of the Competent Authority i.e., concerned Director, and by making payment equivalent to last drawn (Basic Pay + DA) for the balance shortfall period."
"If an employee wants to withdraw his/her request of resignation within notice period, can he/she be allowed to do this?","The employee can decide to withdraw the request of resignation, for genuine reasons during the notice period. DMRC reserves the right to accept the withdrawal or otherwise if Management approval for acceptance of resignation has been communicated to the employee."
"If an employee wants to withdraw his/her request of resignation within notice period, can he/she be allowed to do this?","The employee can decide to withdraw the request of resignation, for genuine reasons during the notice period. DMRC reserves the right to accept the withdrawal or otherwise if Management approval for acceptance of resignation has been communicated to the employee."
If a Differently Abled employee of Corporation resigns from the service of DMRC before completion of 03 years’ service period. Will he / she have to pay Surety Bond and applicable service tax?,"No. 
Exemption from these is provided to Differently Abled employees."
If a Differently Abled employee of Corporation resigns from the service of DMRC before completion of 03 years’ service period. Will he / she have to pay Surety Bond and applicable service tax?,"No. 
Exemption from these is provided to Differently Abled employees."
If a Differently Abled employee of Corporation resigns from the service of DMRC before completion of 03 years’ service period. Will he / she have to pay Surety Bond and applicable service tax?,"No. 
Exemption from these is provided to Differently Abled employees."
If a Differently Abled employee of Corporation resigns from the service of DMRC before completion of 03 years’ service period. Will he / she have to pay Surety Bond and applicable service tax?,"No. 
Exemption from these is provided to Differently Abled employees."
If a Differently Abled employee of Corporation resigns from the service of DMRC before completion of 03 years’ service period. Will he / she have to pay Surety Bond and applicable service tax?,"No. 
Exemption from these is provided to Differently Abled employees."
If an employee joins other Government department through proper channel. What kind of leaves can be transferred?,Transfer of the leave both Earned Leave (Encashable& Non-encashable) and Medical Leave (LHAP).
If an employee joins other Government department through proper channel. What kind of leaves can be transferred?,Transfer of the leave both Earned Leave (Encashable& Non-encashable) and Medical Leave (LHAP).
If an employee joins other Government department through proper channel. What kind of leaves can be transferred?,Transfer of the leave both Earned Leave (Encashable& Non-encashable) and Medical Leave (LHAP).
If an employee joins other Government department through proper channel. What kind of leaves can be transferred?,Transfer of the leave both Earned Leave (Encashable& Non-encashable) and Medical Leave (LHAP).
If an employee joins other Government department through proper channel. What kind of leaves can be transferred?,Transfer of the leave both Earned Leave (Encashable& Non-encashable) and Medical Leave (LHAP).
The seniority in the grade for an employee who joined DMRC on contract basis is counted from which date?,Seniority will be will counted after applying 70% post service benefits.
The seniority in the grade for an employee who joined DMRC on contract basis is counted from which date?,Seniority will be will counted after applying 70% post service benefits.
The seniority in the grade for an employee who joined DMRC on contract basis is counted from which date?,Seniority will be will counted after applying 70% post service benefits.
The seniority in the grade for an employee who joined DMRC on contract basis is counted from which date?,Seniority will be will counted after applying 70% post service benefits.
"In case an employee requests for grant of additional joining time (than permissible days), who is the Competent Authority to decide on such request?","MD is the Competent Authority, to consider such requests."
"In case an employee requests for grant of additional joining time (than permissible days), who is the Competent Authority to decide on such request?","MD is the Competent Authority, to consider such requests."
"In case an employee requests for grant of additional joining time (than permissible days), who is the Competent Authority to decide on such request?","MD is the Competent Authority, to consider such requests."
"In case an employee requests for grant of additional joining time (than permissible days), who is the Competent Authority to decide on such request?","MD is the Competent Authority, to consider such requests."
"In case an employee requests for grant of additional joining time (than permissible days), who is the Competent Authority to decide on such request?","MD is the Competent Authority, to consider such requests."
An employee selected against an Advt. dated 2016 joined DMRC in May 2017 due to some reasons and such extension was granted to him by Competent Authority. Another employee selected for the same post against an Advt. dated Jan 2017 joined DMRC in March 2017. Which of the two employees will be senior?,"Candidates selected for appointment at an earlier selection shall be senior to those selected later, irrespective of date of joining within the stipulated period."
An employee selected against an Advt. dated 2016 joined DMRC in May 2017 due to some reasons and such extension was granted to him by Competent Authority. Another employee selected for the same post against an Advt. dated Jan 2017 joined DMRC in March 2017. Which of the two employees will be senior?,"Candidates selected for appointment at an earlier selection shall be senior to those selected later, irrespective of date of joining within the stipulated period."
An employee selected against an Advt. dated 2016 joined DMRC in May 2017 due to some reasons and such extension was granted to him by Competent Authority. Another employee selected for the same post against an Advt. dated Jan 2017 joined DMRC in March 2017. Which of the two employees will be senior?,"Candidates selected for appointment at an earlier selection shall be senior to those selected later, irrespective of date of joining within the stipulated period."
An employee selected against an Advt. dated 2016 joined DMRC in May 2017 due to some reasons and such extension was granted to him by Competent Authority. Another employee selected for the same post against an Advt. dated Jan 2017 joined DMRC in March 2017. Which of the two employees will be senior?,"Candidates selected for appointment at an earlier selection shall be senior to those selected later, irrespective of date of joining within the stipulated period."
An employee selected against an Advt. dated 2016 joined DMRC in May 2017 due to some reasons and such extension was granted to him by Competent Authority. Another employee selected for the same post against an Advt. dated Jan 2017 joined DMRC in March 2017. Which of the two employees will be senior?,"Candidates selected for appointment at an earlier selection shall be senior to those selected later, irrespective of date of joining within the stipulated period."
"Two employees, competing for the same post, secure the same marks in the DPC. How will their seniority be determined?","In case two or more candidates securing same number in the aggregate, their relative merit position for the purpose of empanelment may be determined on the basis of their relative seniority in the feeder grade. The same logic will be applied to fill up the last vacancy."
"Two employees, competing for the same post, secure the same marks in the DPC. How will their seniority be determined?","In case two or more candidates securing same number in the aggregate, their relative merit position for the purpose of empanelment may be determined on the basis of their relative seniority in the feeder grade. The same logic will be applied to fill up the last vacancy."
"Two employees, competing for the same post, secure the same marks in the DPC. How will their seniority be determined?","In case two or more candidates securing same number in the aggregate, their relative merit position for the purpose of empanelment may be determined on the basis of their relative seniority in the feeder grade. The same logic will be applied to fill up the last vacancy."
"Two employees, competing for the same post, secure the same marks in the DPC. How will their seniority be determined?","In case two or more candidates securing same number in the aggregate, their relative merit position for the purpose of empanelment may be determined on the basis of their relative seniority in the feeder grade. The same logic will be applied to fill up the last vacancy."
On what basis the seniority of employees who are transferred on their promotion is determined?,"The seniority of employees of DMRC promoted to higher posts shall be maintained as per the panel seniority position, irrespective of the date of assumption of charge of the higher post. This shall be subject to the condition that they assume the charge of the higher post within a period of 06 (six) months, from the date of issuance of the promotion order."
On what basis the seniority of employees who are transferred on their promotion is determined?,"The seniority of employees of DMRC promoted to higher posts shall be maintained as per the panel seniority position, irrespective of the date of assumption of charge of the higher post. This shall be subject to the condition that they assume the charge of the higher post within a period of 06 (six) months, from the date of issuance of the promotion order."
On what basis the seniority of employees who are transferred on their promotion is determined?,"The seniority of employees of DMRC promoted to higher posts shall be maintained as per the panel seniority position, irrespective of the date of assumption of charge of the higher post. This shall be subject to the condition that they assume the charge of the higher post within a period of 06 (six) months, from the date of issuance of the promotion order."
Self-Appraisal in the APAR is required to be filled by employees at which level?,"All employees are required to submit their self-appraisal, to summarize their achievements during the year under review including specialachievements (if any)."
Self-Appraisal in the APAR is required to be filled by employees at which level?,"All employees are required to submit their self-appraisal, to summarize their achievements during the year under review including specialachievements (if any)."
Self-Appraisal in the APAR is required to be filled by employees at which level?,"All employees are required to submit their self-appraisal, to summarize their achievements during the year under review including specialachievements (if any)."
The APAR of an HOD under the control of two Directors (Administrative control and Functional control) is required to be signed by which Director?,It is mandatory that their APAR is countersigned by the administrative as well as functional Director.
The APAR of an HOD under the control of two Directors (Administrative control and Functional control) is required to be signed by which Director?,It is mandatory that their APAR is countersigned by the administrative as well as functional Director.
The APAR of an HOD under the control of two Directors (Administrative control and Functional control) is required to be signed by which Director?,It is mandatory that their APAR is countersigned by the administrative as well as functional Director.
The APAR of an HOD under the control of two Directors (Administrative control and Functional control) is required to be signed by which Director?,It is mandatory that their APAR is countersigned by the administrative as well as functional Director.
The APAR of an HOD under the control of two Directors (Administrative control and Functional control) is required to be signed by which Director?,It is mandatory that their APAR is countersigned by the administrative as well as functional Director.
"If an employee completes a Higher Education course, after obtaining NOC from DMRC and secures less than 60% marks, will he / she still be eligible for grant of incentive on acquiring such qualification.","No. 
Only the qualification will be added in the service records as incentive is applicable in only those cases, where employee secures more than 60% marks."
"If an employee completes a Higher Education course, after obtaining NOC from DMRC and secures less than 60% marks, will he / she still be eligible for grant of incentive on acquiring such qualification.","No. 
Only the qualification will be added in the service records as incentive is applicable in only those cases, where employee secures more than 60% marks."
"If an employee completes a Higher Education course, after obtaining NOC from DMRC and secures less than 60% marks, will he / she still be eligible for grant of incentive on acquiring such qualification.","No. 
Only the qualification will be added in the service records as incentive is applicable in only those cases, where employee secures more than 60% marks."
"If an employee completes a Higher Education course, after obtaining NOC from DMRC and secures less than 60% marks, will he / she still be eligible for grant of incentive on acquiring such qualification.","No. 
Only the qualification will be added in the service records as incentive is applicable in only those cases, where employee secures more than 60% marks."
"If an employee completes a Higher Education course, after obtaining NOC from DMRC and secures less than 60% marks, will he / she still be eligible for grant of incentive on acquiring such qualification.","No. 
Only the qualification will be added in the service records as incentive is applicable in only those cases, where employee secures more than 60% marks."
The Indemnity Bond required to be filled by employee seeking incentive on completion of higher education course requires the employee to be in DMRC’s service for how many years?,It requires the employee to be in DMRC’s service for atleast 02 years.
The Indemnity Bond required to be filled by employee seeking incentive on completion of higher education course requires the employee to be in DMRC’s service for how many years?,It requires the employee to be in DMRC’s service for atleast 02 years.
The Indemnity Bond required to be filled by employee seeking incentive on completion of higher education course requires the employee to be in DMRC’s service for how many years?,It requires the employee to be in DMRC’s service for atleast 02 years.
"Does an Immovable Property owned / purchased by spouse of employee, using their own funds and in their own name, requires to be mentioned in the APR?","No.
Such Immovable property details are not required to be mentioned in the APR."
"Does an Immovable Property owned / purchased by spouse of employee, using their own funds and in their own name, requires to be mentioned in the APR?","No.
Such Immovable property details are not required to be mentioned in the APR."
"Does an Immovable Property owned / purchased by spouse of employee, using their own funds and in their own name, requires to be mentioned in the APR?","No.
Such Immovable property details are not required to be mentioned in the APR."
"Does an Immovable Property owned / purchased by spouse of employee, using their own funds and in their own name, requires to be mentioned in the APR?","No.
Such Immovable property details are not required to be mentioned in the APR."
"Does an Immovable Property owned / purchased by spouse of employee, using their own funds and in their own name, requires to be mentioned in the APR?","No.
Such Immovable property details are not required to be mentioned in the APR."
"Upon Resignation from DMRC to join another Govt. Organization, through proper channel, with less than 5 years’ service in DMRC, can the Gratuity be transferred to that other Govt. Organization?","Transfer of Gratuity, even if, service is less than 5 years in DMRC, if, employee joins other Government organization through proper channel their service is treated as continuous service and all benefits are transferable.
An undertaking from the prospective employer, i.e., other Government organization, should also be taken that if the employee resigns from there, before completing 5 years (DMRC service put together) the gratuity paid will be refunded to DMRC."
"Upon Resignation from DMRC to join another Govt. Organization, through proper channel, with less than 5 years’ service in DMRC, can the Gratuity be transferred to that other Govt. Organization?","Transfer of Gratuity, even if, service is less than 5 years in DMRC, if, employee joins other Government organization through proper channel their service is treated as continuous service and all benefits are transferable.
An undertaking from the prospective employer, i.e., other Government organization, should also be taken that if the employee resigns from there, before completing 5 years (DMRC service put together) the gratuity paid will be refunded to DMRC."
"Upon Resignation from DMRC to join another Govt. Organization, through proper channel, with less than 5 years’ service in DMRC, can the Gratuity be transferred to that other Govt. Organization?","Transfer of Gratuity, even if, service is less than 5 years in DMRC, if, employee joins other Government organization through proper channel their service is treated as continuous service and all benefits are transferable.
An undertaking from the prospective employer, i.e., other Government organization, should also be taken that if the employee resigns from there, before completing 5 years (DMRC service put together) the gratuity paid will be refunded to DMRC."
"Upon Resignation from DMRC to join another Govt. Organization, through proper channel, with less than 5 years’ service in DMRC, can the Gratuity be transferred to that other Govt. Organization?","Transfer of Gratuity, even if, service is less than 5 years in DMRC, if, employee joins other Government organization through proper channel their service is treated as continuous service and all benefits are transferable.
An undertaking from the prospective employer, i.e., other Government organization, should also be taken that if the employee resigns from there, before completing 5 years (DMRC service put together) the gratuity paid will be refunded to DMRC."
"Upon Resignation from DMRC to join another Govt. Organization, through proper channel, with less than 5 years’ service in DMRC, can the Gratuity be transferred to that other Govt. Organization?","Transfer of Gratuity, even if, service is less than 5 years in DMRC, if, employee joins other Government organization through proper channel their service is treated as continuous service and all benefits are transferable.
An undertaking from the prospective employer, i.e., other Government organization, should also be taken that if the employee resigns from there, before completing 5 years (DMRC service put together) the gratuity paid will be refunded to DMRC."
"Under Review of service, the premature removal of an Executive from service of DMRC requires whose approval?","The premature removal of an Executive from service of DMRC, under this clause, shall require the approval of the Board of Directors."
"Under Review of service, the premature removal of an Executive from service of DMRC requires whose approval?","The premature removal of an Executive from service of DMRC, under this clause, shall require the approval of the Board of Directors."
"Under Review of service, the premature removal of an Executive from service of DMRC requires whose approval?","The premature removal of an Executive from service of DMRC, under this clause, shall require the approval of the Board of Directors."
The termination process of an employee may be initiated if he / she remains on an unauthorized leave of how many days?,This process may be initiated if an employee remains on unauthorized absence for 60 days or more days
The termination process of an employee may be initiated if he / she remains on an unauthorized leave of how many days?,This process may be initiated if an employee remains on unauthorized absence for 60 days or more days
"What is the minimum duration for which the Reporting / Reviewing Authority must have supervised the work of an employee, to be able to be the Reporting / Reviewing Authority in APAR?","APAR to be written by the Reporting Officer immediately superior to the employee concerned and reviewed by the next higher authority. In both cases, they should have supervised the work of employee for not less than three months."
"What is the minimum duration for which the Reporting / Reviewing Authority must have supervised the work of an employee, to be able to be the Reporting / Reviewing Authority in APAR?","APAR to be written by the Reporting Officer immediately superior to the employee concerned and reviewed by the next higher authority. In both cases, they should have supervised the work of employee for not less than three months."
"What is the minimum duration for which the Reporting / Reviewing Authority must have supervised the work of an employee, to be able to be the Reporting / Reviewing Authority in APAR?","APAR to be written by the Reporting Officer immediately superior to the employee concerned and reviewed by the next higher authority. In both cases, they should have supervised the work of employee for not less than three months."
"What is the minimum duration for which the Reporting / Reviewing Authority must have supervised the work of an employee, to be able to be the Reporting / Reviewing Authority in APAR?","APAR to be written by the Reporting Officer immediately superior to the employee concerned and reviewed by the next higher authority. In both cases, they should have supervised the work of employee for not less than three months."
What is the periodicity of APAR?,"The periodicity of APAR is - 1st April to 31st March, every year."
What is the periodicity of APAR?,"The periodicity of APAR is - 1st April to 31st March, every year."
When is the APR required to be filled?,"APR is required to be filled on 31st Dec, every year."
When is the APR required to be filled?,"APR is required to be filled on 31st Dec, every year."
Do all employees are required to fill the APR?,"No.
APR is required to be filled by Executives of DMRC [Including Direct recruits / Deputationists / Contractual/Post Retirement Contractual Engagement]"
Do all employees are required to fill the APR?,"No.
APR is required to be filled by Executives of DMRC [Including Direct recruits / Deputationists / Contractual/Post Retirement Contractual Engagement]"
"For applying for all jobs advertised by UPSC, only an intimation to DMRC is required or prior permission shall be obtained?","Applications for the Civil Services Examination, Engineering Services Examination, Indian Forest Service Examination, Indian Economic Service/Indian Statistical Examination only, as advertised by the UPSC, can be sent directly by the employee under prior intimation to the HR deptt., through the concerned HOD. 
Such applications shall not be counted towards the limit of 04 applications for outside employment, per calendar year. 
All other posts advertised by the UPSC, or, other service commissions, etc., shall be counted towards the limit of 04 applications for outside employment, per calendar year."
"For applying for all jobs advertised by UPSC, only an intimation to DMRC is required or prior permission shall be obtained?","Applications for the Civil Services Examination, Engineering Services Examination, Indian Forest Service Examination, Indian Economic Service/Indian Statistical Examination only, as advertised by the UPSC, can be sent directly by the employee under prior intimation to the HR deptt., through the concerned HOD. 
Such applications shall not be counted towards the limit of 04 applications for outside employment, per calendar year. 
All other posts advertised by the UPSC, or, other service commissions, etc., shall be counted towards the limit of 04 applications for outside employment, per calendar year."
"For applying for all jobs advertised by UPSC, only an intimation to DMRC is required or prior permission shall be obtained?","Applications for the Civil Services Examination, Engineering Services Examination, Indian Forest Service Examination, Indian Economic Service/Indian Statistical Examination only, as advertised by the UPSC, can be sent directly by the employee under prior intimation to the HR deptt., through the concerned HOD. 
Such applications shall not be counted towards the limit of 04 applications for outside employment, per calendar year. 
All other posts advertised by the UPSC, or, other service commissions, etc., shall be counted towards the limit of 04 applications for outside employment, per calendar year."
"For applying for all jobs advertised by UPSC, only an intimation to DMRC is required or prior permission shall be obtained?","Applications for the Civil Services Examination, Engineering Services Examination, Indian Forest Service Examination, Indian Economic Service/Indian Statistical Examination only, as advertised by the UPSC, can be sent directly by the employee under prior intimation to the HR deptt., through the concerned HOD. 
Such applications shall not be counted towards the limit of 04 applications for outside employment, per calendar year. 
All other posts advertised by the UPSC, or, other service commissions, etc., shall be counted towards the limit of 04 applications for outside employment, per calendar year."
"Who are exempted from the DMRC Conduct, Discipline and Appeal Rules?","a.    Those in casual employment or paid from contingencies, and,  b.   Those who are inducted on Contract (Re-Employment, Retainership basis, Consultant, Advisor, Post Retirement Contractual Engagement, Contract)"
"Who are exempted from the DMRC Conduct, Discipline and Appeal Rules?","a.    Those in casual employment or paid from contingencies, and,  b.   Those who are inducted on Contract (Re-Employment, Retainership basis, Consultant, Advisor, Post Retirement Contractual Engagement, Contract)"
"Who are exempted from the DMRC Conduct, Discipline and Appeal Rules?","a.    Those in casual employment or paid from contingencies, and,  b.   Those who are inducted on Contract (Re-Employment, Retainership basis, Consultant, Advisor, Post Retirement Contractual Engagement, Contract)"
"Who are exempted from the DMRC Conduct, Discipline and Appeal Rules?","a.    Those in casual employment or paid from contingencies, and,  b.   Those who are inducted on Contract (Re-Employment, Retainership basis, Consultant, Advisor, Post Retirement Contractual Engagement, Contract)"
"Family in relation to an employee includes as per the DMRC Conduct, Discipline and Appeal Rules?","a.    Employee’s Spouse, b.   Son (below the age of 25 years or till he gets married or employed, whichever is earlier), c.    Unmarried Daughter but not employed and dependent on the employee, d.   Parents of the employee who are normally residing with him/her and wholly dependent upon the employee and the monthly combined income of the parents is nor more than 15% of the Basic Pay of the DMRC employee concerned or Rs. 9000/- plus dearness relief thereon, whichever is more"
"Family in relation to an employee includes as per the DMRC Conduct, Discipline and Appeal Rules?","a.    Employee’s Spouse, b.   Son (below the age of 25 years or till he gets married or employed, whichever is earlier), c.    Unmarried Daughter but not employed and dependent on the employee, d.   Parents of the employee who are normally residing with him/her and wholly dependent upon the employee and the monthly combined income of the parents is nor more than 15% of the Basic Pay of the DMRC employee concerned or Rs. 9000/- plus dearness relief thereon, whichever is more"
"Family in relation to an employee includes as per the DMRC Conduct, Discipline and Appeal Rules?","a.    Employee’s Spouse, b.   Son (below the age of 25 years or till he gets married or employed, whichever is earlier), c.    Unmarried Daughter but not employed and dependent on the employee, d.   Parents of the employee who are normally residing with him/her and wholly dependent upon the employee and the monthly combined income of the parents is nor more than 15% of the Basic Pay of the DMRC employee concerned or Rs. 9000/- plus dearness relief thereon, whichever is more"
"Family in relation to an employee includes as per the DMRC Conduct, Discipline and Appeal Rules?","a.    Employee’s Spouse, b.   Son (below the age of 25 years or till he gets married or employed, whichever is earlier), c.    Unmarried Daughter but not employed and dependent on the employee, d.   Parents of the employee who are normally residing with him/her and wholly dependent upon the employee and the monthly combined income of the parents is nor more than 15% of the Basic Pay of the DMRC employee concerned or Rs. 9000/- plus dearness relief thereon, whichever is more"
What is the General Conduct which is to be observed by every employee?,Every employee of the Corporation shall at all times: - a.    maintain absolute integrity b.   maintain devotion to duty c.    do nothing which is unbecoming of a public servant.
What is the General Conduct which is to be observed by every employee?,Every employee of the Corporation shall at all times: - a.    maintain absolute integrity b.   maintain devotion to duty c.    do nothing which is unbecoming of a public servant.
What is the rule for employment of near relatives of the employees in any corporation or firm enjoying patronage of the corporation?,"a.    No employee shall use his/her position or influence directly or indirectly to secure employment for any person related whether by blood or marriage to the employee or to the employee’s wife or husband; whether such a person is dependent on the employee or not. b.   No employee shall, except with the previous sanction of the Competent Authority permit his/her son, daughter or any member of the family to accept employment with any Company or firm with which he has official dealings, or with any Company or firm, having official dealings with the Corporation c.    No employee shall in the discharge of his/her official duties deal with any matter or give or sanction any contract to any Company or firm or any other person if any member of his/her family is employed in that Company or firm."
What is the rule for employment of near relatives of the employees in any corporation or firm enjoying patronage of the corporation?,"a.    No employee shall use his/her position or influence directly or indirectly to secure employment for any person related whether by blood or marriage to the employee or to the employee’s wife or husband; whether such a person is dependent on the employee or not. b.   No employee shall, except with the previous sanction of the Competent Authority permit his/her son, daughter or any member of the family to accept employment with any Company or firm with which he has official dealings, or with any Company or firm, having official dealings with the Corporation c.    No employee shall in the discharge of his/her official duties deal with any matter or give or sanction any contract to any Company or firm or any other person if any member of his/her family is employed in that Company or firm."
What is the rule for employment of near relatives of the employees in any corporation or firm enjoying patronage of the corporation?,"a.    No employee shall use his/her position or influence directly or indirectly to secure employment for any person related whether by blood or marriage to the employee or to the employee’s wife or husband; whether such a person is dependent on the employee or not. b.   No employee shall, except with the previous sanction of the Competent Authority permit his/her son, daughter or any member of the family to accept employment with any Company or firm with which he has official dealings, or with any Company or firm, having official dealings with the Corporation c.    No employee shall in the discharge of his/her official duties deal with any matter or give or sanction any contract to any Company or firm or any other person if any member of his/her family is employed in that Company or firm."
What is the rule for employment of near relatives of the employees in any corporation or firm enjoying patronage of the corporation?,"a.    No employee shall use his/her position or influence directly or indirectly to secure employment for any person related whether by blood or marriage to the employee or to the employee’s wife or husband; whether such a person is dependent on the employee or not. b.   No employee shall, except with the previous sanction of the Competent Authority permit his/her son, daughter or any member of the family to accept employment with any Company or firm with which he has official dealings, or with any Company or firm, having official dealings with the Corporation c.    No employee shall in the discharge of his/her official duties deal with any matter or give or sanction any contract to any Company or firm or any other person if any member of his/her family is employed in that Company or firm."
"What are the guidelines for the employees to have connection with media (press, tv channel, radio, internet multimedia etc.)","a.    No employee of the Corporation shall, except with the previous sanction of the Competent Authority, own wholly or in part, or conduct or participate in the editing or management of any newspapers or other periodical publication. b.   No employee of the Corporation shall, except with the previous sanction of the Competent Authority upload any matter on internet. Provided that no such sanction shall be required if material/ contribution is of a purely literary artistic or scientific character. c.    No employee of the Corporation shall, except with the previous sanction of the Competent Authority is permitted to take part in any show or act in the film"
"What are the guidelines for the employees to have connection with media (press, tv channel, radio, internet multimedia etc.)","a.    No employee of the Corporation shall, except with the previous sanction of the Competent Authority, own wholly or in part, or conduct or participate in the editing or management of any newspapers or other periodical publication. b.   No employee of the Corporation shall, except with the previous sanction of the Competent Authority upload any matter on internet. Provided that no such sanction shall be required if material/ contribution is of a purely literary artistic or scientific character. c.    No employee of the Corporation shall, except with the previous sanction of the Competent Authority is permitted to take part in any show or act in the film"
"What are the guidelines for the employees to have connection with media (press, tv channel, radio, internet multimedia etc.)","a.    No employee of the Corporation shall, except with the previous sanction of the Competent Authority, own wholly or in part, or conduct or participate in the editing or management of any newspapers or other periodical publication. b.   No employee of the Corporation shall, except with the previous sanction of the Competent Authority upload any matter on internet. Provided that no such sanction shall be required if material/ contribution is of a purely literary artistic or scientific character. c.    No employee of the Corporation shall, except with the previous sanction of the Competent Authority is permitted to take part in any show or act in the film"
"What are the guidelines for the employees to have connection with media (press, tv channel, radio, internet multimedia etc.)","a.    No employee of the Corporation shall, except with the previous sanction of the Competent Authority, own wholly or in part, or conduct or participate in the editing or management of any newspapers or other periodical publication. b.   No employee of the Corporation shall, except with the previous sanction of the Competent Authority upload any matter on internet. Provided that no such sanction shall be required if material/ contribution is of a purely literary artistic or scientific character. c.    No employee of the Corporation shall, except with the previous sanction of the Competent Authority is permitted to take part in any show or act in the film"
"What are the guidelines for the employees to have connection with media (press, tv channel, radio, internet multimedia etc.)","a.    No employee of the Corporation shall, except with the previous sanction of the Competent Authority, own wholly or in part, or conduct or participate in the editing or management of any newspapers or other periodical publication. b.   No employee of the Corporation shall, except with the previous sanction of the Competent Authority upload any matter on internet. Provided that no such sanction shall be required if material/ contribution is of a purely literary artistic or scientific character. c.    No employee of the Corporation shall, except with the previous sanction of the Competent Authority is permitted to take part in any show or act in the film"
"What are the guidelines for the employees to have connection with media (press, tv channel, radio, internet multimedia etc.)","a.    No employee of the Corporation shall, except with the previous sanction of the Competent Authority, own wholly or in part, or conduct or participate in the editing or management of any newspapers or other periodical publication. b.   No employee of the Corporation shall, except with the previous sanction of the Competent Authority upload any matter on internet. Provided that no such sanction shall be required if material/ contribution is of a purely literary artistic or scientific character. c.    No employee of the Corporation shall, except with the previous sanction of the Competent Authority is permitted to take part in any show or act in the film"
"What are the guidelines for the employees to have connection with media (press, tv channel, radio, internet multimedia etc.)","a.    No employee of the Corporation shall, except with the previous sanction of the Competent Authority, own wholly or in part, or conduct or participate in the editing or management of any newspapers or other periodical publication. b.   No employee of the Corporation shall, except with the previous sanction of the Competent Authority upload any matter on internet. Provided that no such sanction shall be required if material/ contribution is of a purely literary artistic or scientific character. c.    No employee of the Corporation shall, except with the previous sanction of the Competent Authority is permitted to take part in any show or act in the film"
What is the definition of Public Servant under DMRC Conduct Discipline and Appeal Rules?,"‘Public Servant’ shall mean and include a person, as mentioned in Section 21 of Indian Penal Code, or, Section 2(28) of Bharatiya Nyaya Sanhita, 2023, as applicable, or, as amended from time to time"
What is the definition of Public Servant under DMRC Conduct Discipline and Appeal Rules?,"‘Public Servant’ shall mean and include a person, as mentioned in Section 21 of Indian Penal Code, or, Section 2(28) of Bharatiya Nyaya Sanhita, 2023, as applicable, or, as amended from time to time"
What is the definition of Public Servant under DMRC Conduct Discipline and Appeal Rules?,"‘Public Servant’ shall mean and include a person, as mentioned in Section 21 of Indian Penal Code, or, Section 2(28) of Bharatiya Nyaya Sanhita, 2023, as applicable, or, as amended from time to time"
What is the maximum value of the gift in the case of Executives which has to be reported to the Competent Authority?,The maximum value of the gift in the case of Executives which has to be reported to the Competent Authority is Rs. 25000/-.
What is the maximum value of the gift in the case of Executives which has to be reported to the Competent Authority?,The maximum value of the gift in the case of Executives which has to be reported to the Competent Authority is Rs. 25000/-.
What is the maximum value of the gift in the case of Executives which has to be reported to the Competent Authority?,The maximum value of the gift in the case of Executives which has to be reported to the Competent Authority is Rs. 25000/-.
What is the maximum value of the gift in the case of Non-Executives which has to be reported to the Competent Authority?,The maximum value of the gift in the case of Non-Executives which has to be reported to the Competent Authority is Rs. 15000/-.
What is the maximum value of the gift in the case of Non-Executives which has to be reported to the Competent Authority?,The maximum value of the gift in the case of Non-Executives which has to be reported to the Competent Authority is Rs. 15000/-.
What is the maximum value of the gift in the case of Non-Executives which has to be reported to the Competent Authority?,The maximum value of the gift in the case of Non-Executives which has to be reported to the Competent Authority is Rs. 15000/-.
"Where are the Disciplinary Authority, Appellate Authority and Reviewing Authority notified?","The Disciplinary Authority, Appellate Authority and Reviewing Authority, for each grade, has been defined in the Rule 41 along-with the Schedule – A of the DMRC Conduct Discipline and Appeal Rules."
"Where are the Disciplinary Authority, Appellate Authority and Reviewing Authority notified?","The Disciplinary Authority, Appellate Authority and Reviewing Authority, for each grade, has been defined in the Rule 41 along-with the Schedule – A of the DMRC Conduct Discipline and Appeal Rules."
"Where are the Disciplinary Authority, Appellate Authority and Reviewing Authority notified?","The Disciplinary Authority, Appellate Authority and Reviewing Authority, for each grade, has been defined in the Rule 41 along-with the Schedule – A of the DMRC Conduct Discipline and Appeal Rules."
In what conditions an employee of DMRC can be placed under Suspension?,a.    Where Disciplinary proceedings against him/her is contemplated or is pending or b.   Where a case against him/her in respect of any criminal offence is under investigation or trial.
In what conditions an employee of DMRC can be placed under Suspension?,a.    Where Disciplinary proceedings against him/her is contemplated or is pending or b.   Where a case against him/her in respect of any criminal offence is under investigation or trial.
In what conditions an employee of DMRC can be placed under Suspension?,a.    Where Disciplinary proceedings against him/her is contemplated or is pending or b.   Where a case against him/her in respect of any criminal offence is under investigation or trial.
When is a Subsistence Allowance given?,At the time of Suspension
"How much is the Subsistence Allowance paid when paid under suspension, initially?",50% of Basic Pay
Under what circumstances Subsistence Allowances is not payable?,"Deemed Suspension, till the time employee is in custody."
Under what circumstances Subsistence Allowances is not payable?,"Deemed Suspension, till the time employee is in custody."
Under what circumstances Subsistence Allowances is not payable?,"Deemed Suspension, till the time employee is in custody."
What are Minor Penalties which can be imposed on an employee?,"a.  Censure b.   Withholding of his/her promotion c.    Recovery from his/her pay of the whole or part of any pecuniary loss caused by him/her to the Corporation by negligence or breach of orders d.   Reduction to a lower stage in the time-scale of pay by one stage for a period not exceeding three years, without cumulative effect and not adversely affecting his/her terminal benefits. e.    Withholding of increments of pay"
What are Minor Penalties which can be imposed on an employee?,"a.  Censure b.   Withholding of his/her promotion c.    Recovery from his/her pay of the whole or part of any pecuniary loss caused by him/her to the Corporation by negligence or breach of orders d.   Reduction to a lower stage in the time-scale of pay by one stage for a period not exceeding three years, without cumulative effect and not adversely affecting his/her terminal benefits. e.    Withholding of increments of pay"
What are Major Penalties which can be imposed on an employee?,"a.   [save as provided for in clause 40.1(iv)] Reduction to a lower stage in the time-scale of pay for a specified period, with further directions as to whether or not the employee will earn increments of pay during the period of such reduction and whether on the expiry of such period, the reduction will or will not have the effect of postponing the future increments of his/her pay; b.   Reduction to a lower time-scale of pay, grade, post or service, with or without further directions regarding conditions of restoration to the grade or post or service from which the DMRC employee was reduced and his seniority and pay on such restoration to that grade, post or service; c.   Compulsory Retirement; d.   Removal from service which shall not be a disqualification for future employment under the Government or PSUs; e.    Dismissal from service which shall ordinarily be a disqualification for future employment under the Government or PSUs."
What are Major Penalties which can be imposed on an employee?,"a.   [save as provided for in clause 40.1(iv)] Reduction to a lower stage in the time-scale of pay for a specified period, with further directions as to whether or not the employee will earn increments of pay during the period of such reduction and whether on the expiry of such period, the reduction will or will not have the effect of postponing the future increments of his/her pay; b.   Reduction to a lower time-scale of pay, grade, post or service, with or without further directions regarding conditions of restoration to the grade or post or service from which the DMRC employee was reduced and his seniority and pay on such restoration to that grade, post or service; c.   Compulsory Retirement; d.   Removal from service which shall not be a disqualification for future employment under the Government or PSUs; e.    Dismissal from service which shall ordinarily be a disqualification for future employment under the Government or PSUs."
What is the time limit for charged official to submit his/her written statement of defence on charge sheet?,"The charged official may submit his/her written statement of defence within such time period, as may be specified by the Disciplinary Authority, not exceeding 15 days."
What is the time limit for charged official to submit his/her written statement of defence on charge sheet?,"The charged official may submit his/her written statement of defence within such time period, as may be specified by the Disciplinary Authority, not exceeding 15 days."
What is the time limit for charged official to submit his/her written statement of defence on charge sheet?,"The charged official may submit his/her written statement of defence within such time period, as may be specified by the Disciplinary Authority, not exceeding 15 days."
What is the time limit for charged official to submit his/her written statement of defence on charge sheet?,"The charged official may submit his/her written statement of defence within such time period, as may be specified by the Disciplinary Authority, not exceeding 15 days."
What are common proceedings?,"Where two or more employees are concerned in a case, the authority competent to impose a major penalty on all such employees may make an order directing that disciplinary proceedings against all of them may be taken in a common proceedings and the specified authority may function as the disciplinary authority for the purpose of such common proceedings."
"The Order of the Disciplinary Authority can be challenged, before whom?","The Appellate Authority, as defined under Rule 50 of the DMRC Conduct Discipline and Appeal Rules."
"The Order of the Disciplinary Authority can be challenged, before whom?","The Appellate Authority, as defined under Rule 50 of the DMRC Conduct Discipline and Appeal Rules."
"The Order of the Disciplinary Authority can be challenged, before whom?","The Appellate Authority, as defined under Rule 50 of the DMRC Conduct Discipline and Appeal Rules."
Is there any time-limit to file an appeal against the Order of the Disciplinary Authority?,An appeal shall be preferred within one month from the date of communication of the order appealed against. The appeal shall be addressed to the Appellate Authority specified in the schedule and submitted to the authority whose order is appealed against. The Authority whose order is appealed against shall forward the appeal together with its comments and the records of the case to the Appellate Authority within 15 days.
Is there any time-limit to file an appeal against the Order of the Disciplinary Authority?,An appeal shall be preferred within one month from the date of communication of the order appealed against. The appeal shall be addressed to the Appellate Authority specified in the schedule and submitted to the authority whose order is appealed against. The Authority whose order is appealed against shall forward the appeal together with its comments and the records of the case to the Appellate Authority within 15 days.
Is there any time-limit to file an appeal against the Order of the Disciplinary Authority?,An appeal shall be preferred within one month from the date of communication of the order appealed against. The appeal shall be addressed to the Appellate Authority specified in the schedule and submitted to the authority whose order is appealed against. The Authority whose order is appealed against shall forward the appeal together with its comments and the records of the case to the Appellate Authority within 15 days.
"In how much time, the Appeal is to be decided?",The Appellate Authority shall consider whether the findings are justified or whether the penalty is excessive or inadequate and pass appropriate orders within three months of the date of appeal.
"In how much time, the Appeal is to be decided?",The Appellate Authority shall consider whether the findings are justified or whether the penalty is excessive or inadequate and pass appropriate orders within three months of the date of appeal.
"In how much time, the Appeal is to be decided?",The Appellate Authority shall consider whether the findings are justified or whether the penalty is excessive or inadequate and pass appropriate orders within three months of the date of appeal.
In what manner can the Appellate Authority decide the Appeal?,"The Appellate Authority may pass order confirming, enhancing, reducing or setting aside the penalty or remitting the case to the authority which imposed the penalty or to any other authority with such direction as it may deem fit in the circumstances of the case."
In what manner can the Appellate Authority decide the Appeal?,"The Appellate Authority may pass order confirming, enhancing, reducing or setting aside the penalty or remitting the case to the authority which imposed the penalty or to any other authority with such direction as it may deem fit in the circumstances of the case."
In what manner can the Appellate Authority decide the Appeal?,"The Appellate Authority may pass order confirming, enhancing, reducing or setting aside the penalty or remitting the case to the authority which imposed the penalty or to any other authority with such direction as it may deem fit in the circumstances of the case."
Night duty allowance is payable as per the Basic Pay or Pay Scale of the employee?,"The Non-executive employees of O&M who perform roster duty in O&M, performing night duty will be given allowance as per Pay-scale. S. N. 1 2 3 4 5 6 7 8"
Night duty allowance is payable as per the Basic Pay or Pay Scale of the employee?,"The Non-executive employees of O&M who perform roster duty in O&M, performing night duty will be given allowance as per Pay-scale. S. N. 1 2 3 4 5 6 7 8"
Night duty allowance is payable as per the Basic Pay or Pay Scale of the employee?,"The Non-executive employees of O&M who perform roster duty in O&M, performing night duty will be given allowance as per Pay-scale. S. N. 1 2 3 4 5 6 7 8"
Night duty allowance is payable as per the Basic Pay or Pay Scale of the employee?,"The Non-executive employees of O&M who perform roster duty in O&M, performing night duty will be given allowance as per Pay-scale. S. N. 1 2 3 4 5 6 7 8"
Night duty allowance is payable as per the Basic Pay or Pay Scale of the employee?,"The Non-executive employees of O&M who perform roster duty in O&M, performing night duty will be given allowance as per Pay-scale. S. N. 1 2 3 4 5 6 7 8"
Night duty allowance is payable as per the Basic Pay or Pay Scale of the employee?,"The Non-executive employees of O&M who perform roster duty in O&M, performing night duty will be given allowance as per Pay-scale. S. N. 1 2 3 4 5 6 7 8"
Night duty allowance is payable as per the Basic Pay or Pay Scale of the employee?,"The Non-executive employees of O&M who perform roster duty in O&M, performing night duty will be given allowance as per Pay-scale. S. N. 1 2 3 4 5 6 7 8"
Night duty allowance is payable as per the Basic Pay or Pay Scale of the employee?,"The Non-executive employees of O&M who perform roster duty in O&M, performing night duty will be given allowance as per Pay-scale. S. N. 1 2 3 4 5 6 7 8"
Night duty allowance is payable as per the Basic Pay or Pay Scale of the employee?,"The Non-executive employees of O&M who perform roster duty in O&M, performing night duty will be given allowance as per Pay-scale. S. N. 1 2 3 4 5 6 7 8"
Night duty allowance is payable as per the Basic Pay or Pay Scale of the employee?,"The Non-executive employees of O&M who perform roster duty in O&M, performing night duty will be given allowance as per Pay-scale. S. N. 1 2 3 4 5 6 7 8"
Night duty allowance is payable as per the Basic Pay or Pay Scale of the employee?,"The Non-executive employees of O&M who perform roster duty in O&M, performing night duty will be given allowance as per Pay-scale. S. N. 1 2 3 4 5 6 7 8"
How is Partial Night Duty allowance calculated for Train Operators?,Partial Night Duty to Train Operators- It is strictly on the basis of reporting timing recordedfor ‘sign on’ and ‘sign off’ and the rates is as under: Sign Off After 2200 to 2300 hrs After 2301 to 2400 hrs After 2401 hrs
How is Partial Night Duty allowance calculated for Train Operators?,Partial Night Duty to Train Operators- It is strictly on the basis of reporting timing recordedfor ‘sign on’ and ‘sign off’ and the rates is as under: Sign Off After 2200 to 2300 hrs After 2301 to 2400 hrs After 2401 hrs
How is Partial Night Duty allowance calculated for Train Operators?,Partial Night Duty to Train Operators- It is strictly on the basis of reporting timing recordedfor ‘sign on’ and ‘sign off’ and the rates is as under: Sign Off After 2200 to 2300 hrs After 2301 to 2400 hrs After 2401 hrs
How is Partial Night Duty allowance calculated for Train Operators?,Partial Night Duty to Train Operators- It is strictly on the basis of reporting timing recordedfor ‘sign on’ and ‘sign off’ and the rates is as under: Sign Off After 2200 to 2300 hrs After 2301 to 2400 hrs After 2401 hrs
What is Consolidated Daily Allowance (CDA)?,The officers and staff posted at project sites are eligible for CDA. Such officer and staff who are posted at corporate office etc. and are required to visit site on more than 15 working days in a month will also be eligible for CDA at par with site employees. HODs should strictly ensure the same while recommending the cases for CDA. The rates of CDA are as under w.e.f. 01.12.2019: - S. N. 1 2 3 4 5 6
What is Consolidated Daily Allowance (CDA)?,The officers and staff posted at project sites are eligible for CDA. Such officer and staff who are posted at corporate office etc. and are required to visit site on more than 15 working days in a month will also be eligible for CDA at par with site employees. HODs should strictly ensure the same while recommending the cases for CDA. The rates of CDA are as under w.e.f. 01.12.2019: - S. N. 1 2 3 4 5 6
What is Consolidated Daily Allowance (CDA)?,The officers and staff posted at project sites are eligible for CDA. Such officer and staff who are posted at corporate office etc. and are required to visit site on more than 15 working days in a month will also be eligible for CDA at par with site employees. HODs should strictly ensure the same while recommending the cases for CDA. The rates of CDA are as under w.e.f. 01.12.2019: - S. N. 1 2 3 4 5 6
What is Consolidated Daily Allowance (CDA)?,The officers and staff posted at project sites are eligible for CDA. Such officer and staff who are posted at corporate office etc. and are required to visit site on more than 15 working days in a month will also be eligible for CDA at par with site employees. HODs should strictly ensure the same while recommending the cases for CDA. The rates of CDA are as under w.e.f. 01.12.2019: - S. N. 1 2 3 4 5 6
What is Consolidated Daily Allowance (CDA)?,The officers and staff posted at project sites are eligible for CDA. Such officer and staff who are posted at corporate office etc. and are required to visit site on more than 15 working days in a month will also be eligible for CDA at par with site employees. HODs should strictly ensure the same while recommending the cases for CDA. The rates of CDA are as under w.e.f. 01.12.2019: - S. N. 1 2 3 4 5 6
What is Consolidated Daily Allowance (CDA)?,The officers and staff posted at project sites are eligible for CDA. Such officer and staff who are posted at corporate office etc. and are required to visit site on more than 15 working days in a month will also be eligible for CDA at par with site employees. HODs should strictly ensure the same while recommending the cases for CDA. The rates of CDA are as under w.e.f. 01.12.2019: - S. N. 1 2 3 4 5 6
What is Consolidated Daily Allowance (CDA)?,The officers and staff posted at project sites are eligible for CDA. Such officer and staff who are posted at corporate office etc. and are required to visit site on more than 15 working days in a month will also be eligible for CDA at par with site employees. HODs should strictly ensure the same while recommending the cases for CDA. The rates of CDA are as under w.e.f. 01.12.2019: - S. N. 1 2 3 4 5 6
What is paid for Working Beyond Office Hours?,"In exigency of work and in inescapable situations only, the Non-Executive staff booked for Sundays/Holidays and for early coming or late going in normal working days, will be entitled for conveyance and refreshment. S. N. 1 2"
What is paid for Working Beyond Office Hours?,"In exigency of work and in inescapable situations only, the Non-Executive staff booked for Sundays/Holidays and for early coming or late going in normal working days, will be entitled for conveyance and refreshment. S. N. 1 2"
What is paid for Working Beyond Office Hours?,"In exigency of work and in inescapable situations only, the Non-Executive staff booked for Sundays/Holidays and for early coming or late going in normal working days, will be entitled for conveyance and refreshment. S. N. 1 2"
"What is the reimbursement limit of expenses for Executives who are eligible for a vehicle as per the existing transport policy of the company and are posted at Metro Bhavan, NBCC, Ashoka Road Office, and are not required to visit site frequently as well as officers of Finance department posted at site and officers of O&M department who are using their personal vehicle for official purpose.","The Executives who are eligible for a vehicle as per the existing transport policy of the company and are posted at Metro Bhavan, NBCC, Ashoka Road Office, and are not required to visit site frequently as well as officers of Finance department posted at site and officers of O&M department can use their personal vehicle for official purpose against the reimbursement of expenses as detailed below: - Level ED/CGM/ SGM /GM (AC 2000 Kms) CGM/ SGM /GM (AC 2000 Kms) JGM/AGM/Sr.AGM (Non-AC 1500 Kms) DGM/Sr.DGM (Non-AC 1500 Kms) Manager & AM (Non-AC 3000 Kms on twin sharing basis)"
"What is the reimbursement limit of expenses for Executives who are eligible for a vehicle as per the existing transport policy of the company and are posted at Metro Bhavan, NBCC, Ashoka Road Office, and are not required to visit site frequently as well as officers of Finance department posted at site and officers of O&M department who are using their personal vehicle for official purpose.","The Executives who are eligible for a vehicle as per the existing transport policy of the company and are posted at Metro Bhavan, NBCC, Ashoka Road Office, and are not required to visit site frequently as well as officers of Finance department posted at site and officers of O&M department can use their personal vehicle for official purpose against the reimbursement of expenses as detailed below: - Level ED/CGM/ SGM /GM (AC 2000 Kms) CGM/ SGM /GM (AC 2000 Kms) JGM/AGM/Sr.AGM (Non-AC 1500 Kms) DGM/Sr.DGM (Non-AC 1500 Kms) Manager & AM (Non-AC 3000 Kms on twin sharing basis)"
"What is the reimbursement limit of expenses for Executives who are eligible for a vehicle as per the existing transport policy of the company and are posted at Metro Bhavan, NBCC, Ashoka Road Office, and are not required to visit site frequently as well as officers of Finance department posted at site and officers of O&M department who are using their personal vehicle for official purpose.","The Executives who are eligible for a vehicle as per the existing transport policy of the company and are posted at Metro Bhavan, NBCC, Ashoka Road Office, and are not required to visit site frequently as well as officers of Finance department posted at site and officers of O&M department can use their personal vehicle for official purpose against the reimbursement of expenses as detailed below: - Level ED/CGM/ SGM /GM (AC 2000 Kms) CGM/ SGM /GM (AC 2000 Kms) JGM/AGM/Sr.AGM (Non-AC 1500 Kms) DGM/Sr.DGM (Non-AC 1500 Kms) Manager & AM (Non-AC 3000 Kms on twin sharing basis)"
"What is the reimbursement limit of expenses for Executives who are eligible for a vehicle as per the existing transport policy of the company and are posted at Metro Bhavan, NBCC, Ashoka Road Office, and are not required to visit site frequently as well as officers of Finance department posted at site and officers of O&M department who are using their personal vehicle for official purpose.","The Executives who are eligible for a vehicle as per the existing transport policy of the company and are posted at Metro Bhavan, NBCC, Ashoka Road Office, and are not required to visit site frequently as well as officers of Finance department posted at site and officers of O&M department can use their personal vehicle for official purpose against the reimbursement of expenses as detailed below: - Level ED/CGM/ SGM /GM (AC 2000 Kms) CGM/ SGM /GM (AC 2000 Kms) JGM/AGM/Sr.AGM (Non-AC 1500 Kms) DGM/Sr.DGM (Non-AC 1500 Kms) Manager & AM (Non-AC 3000 Kms on twin sharing basis)"
"What is the reimbursement limit of expenses for Executives who are eligible for a vehicle as per the existing transport policy of the company and are posted at Metro Bhavan, NBCC, Ashoka Road Office, and are not required to visit site frequently as well as officers of Finance department posted at site and officers of O&M department who are using their personal vehicle for official purpose.","The Executives who are eligible for a vehicle as per the existing transport policy of the company and are posted at Metro Bhavan, NBCC, Ashoka Road Office, and are not required to visit site frequently as well as officers of Finance department posted at site and officers of O&M department can use their personal vehicle for official purpose against the reimbursement of expenses as detailed below: - Level ED/CGM/ SGM /GM (AC 2000 Kms) CGM/ SGM /GM (AC 2000 Kms) JGM/AGM/Sr.AGM (Non-AC 1500 Kms) DGM/Sr.DGM (Non-AC 1500 Kms) Manager & AM (Non-AC 3000 Kms on twin sharing basis)"
"What is the reimbursement limit of expenses for Executives who are eligible for a vehicle as per the existing transport policy of the company and are posted at Metro Bhavan, NBCC, Ashoka Road Office, and are not required to visit site frequently as well as officers of Finance department posted at site and officers of O&M department who are using their personal vehicle for official purpose.","The Executives who are eligible for a vehicle as per the existing transport policy of the company and are posted at Metro Bhavan, NBCC, Ashoka Road Office, and are not required to visit site frequently as well as officers of Finance department posted at site and officers of O&M department can use their personal vehicle for official purpose against the reimbursement of expenses as detailed below: - Level ED/CGM/ SGM /GM (AC 2000 Kms) CGM/ SGM /GM (AC 2000 Kms) JGM/AGM/Sr.AGM (Non-AC 1500 Kms) DGM/Sr.DGM (Non-AC 1500 Kms) Manager & AM (Non-AC 3000 Kms on twin sharing basis)"
What are the present DA rates?,"When the employees of the corporation proceed on tour for duties outside and are required to be away beyond the municipal/city limits, then they are entitled to be compensated by payment of daily allowance at the rates indicated below. If any employee, while on tour makes his own arrangement for his stay and foregoes his entitlement of Hotel stay, he/she will be paid a Composite DA, which will be 50% more than the normal DA applicable for that station. Organization DA Rates (A 1 cities) If free breakfast is availed by the employee while on tour, DA shall be reduced by 25%, if all three meals are availed then DA shall be reduced by 50% of the entitlement."
What are the present DA rates?,"When the employees of the corporation proceed on tour for duties outside and are required to be away beyond the municipal/city limits, then they are entitled to be compensated by payment of daily allowance at the rates indicated below. If any employee, while on tour makes his own arrangement for his stay and foregoes his entitlement of Hotel stay, he/she will be paid a Composite DA, which will be 50% more than the normal DA applicable for that station. Organization DA Rates (A 1 cities) If free breakfast is availed by the employee while on tour, DA shall be reduced by 25%, if all three meals are availed then DA shall be reduced by 50% of the entitlement."
What are the present DA rates?,"When the employees of the corporation proceed on tour for duties outside and are required to be away beyond the municipal/city limits, then they are entitled to be compensated by payment of daily allowance at the rates indicated below. If any employee, while on tour makes his own arrangement for his stay and foregoes his entitlement of Hotel stay, he/she will be paid a Composite DA, which will be 50% more than the normal DA applicable for that station. Organization DA Rates (A 1 cities) If free breakfast is availed by the employee while on tour, DA shall be reduced by 25%, if all three meals are availed then DA shall be reduced by 50% of the entitlement."
What are the present DA rates?,"When the employees of the corporation proceed on tour for duties outside and are required to be away beyond the municipal/city limits, then they are entitled to be compensated by payment of daily allowance at the rates indicated below. If any employee, while on tour makes his own arrangement for his stay and foregoes his entitlement of Hotel stay, he/she will be paid a Composite DA, which will be 50% more than the normal DA applicable for that station. Organization DA Rates (A 1 cities) If free breakfast is availed by the employee while on tour, DA shall be reduced by 25%, if all three meals are availed then DA shall be reduced by 50% of the entitlement."
What are the present DA rates?,"When the employees of the corporation proceed on tour for duties outside and are required to be away beyond the municipal/city limits, then they are entitled to be compensated by payment of daily allowance at the rates indicated below. If any employee, while on tour makes his own arrangement for his stay and foregoes his entitlement of Hotel stay, he/she will be paid a Composite DA, which will be 50% more than the normal DA applicable for that station. Organization DA Rates (A 1 cities) If free breakfast is availed by the employee while on tour, DA shall be reduced by 25%, if all three meals are availed then DA shall be reduced by 50% of the entitlement."
What are the present DA rates?,"When the employees of the corporation proceed on tour for duties outside and are required to be away beyond the municipal/city limits, then they are entitled to be compensated by payment of daily allowance at the rates indicated below. If any employee, while on tour makes his own arrangement for his stay and foregoes his entitlement of Hotel stay, he/she will be paid a Composite DA, which will be 50% more than the normal DA applicable for that station. Organization DA Rates (A 1 cities) If free breakfast is availed by the employee while on tour, DA shall be reduced by 25%, if all three meals are availed then DA shall be reduced by 50% of the entitlement."
What are the present DA rates?,"When the employees of the corporation proceed on tour for duties outside and are required to be away beyond the municipal/city limits, then they are entitled to be compensated by payment of daily allowance at the rates indicated below. If any employee, while on tour makes his own arrangement for his stay and foregoes his entitlement of Hotel stay, he/she will be paid a Composite DA, which will be 50% more than the normal DA applicable for that station. Organization DA Rates (A 1 cities) If free breakfast is availed by the employee while on tour, DA shall be reduced by 25%, if all three meals are availed then DA shall be reduced by 50% of the entitlement."
What is the rate of Lodging charges?,"If the employees are required to stay at the tour station for one or more nights, they are also entitled to lodging charges, the maximum rates exclusive of taxes of which are also indicated below. Grade (IDA) MD/TMM ED/CGM GM DGM/Sr.DGM/JGM/AGM Mgr./AM Rs. 25000-80000 and above up to highest non-exe cadre Below Rs.25000-80000/-"
What is the rate of Lodging charges?,"If the employees are required to stay at the tour station for one or more nights, they are also entitled to lodging charges, the maximum rates exclusive of taxes of which are also indicated below. Grade (IDA) MD/TMM ED/CGM GM DGM/Sr.DGM/JGM/AGM Mgr./AM Rs. 25000-80000 and above up to highest non-exe cadre Below Rs.25000-80000/-"
What is the rate of Lodging charges?,"If the employees are required to stay at the tour station for one or more nights, they are also entitled to lodging charges, the maximum rates exclusive of taxes of which are also indicated below. Grade (IDA) MD/TMM ED/CGM GM DGM/Sr.DGM/JGM/AGM Mgr./AM Rs. 25000-80000 and above up to highest non-exe cadre Below Rs.25000-80000/-"
What is the rate of Lodging charges?,"If the employees are required to stay at the tour station for one or more nights, they are also entitled to lodging charges, the maximum rates exclusive of taxes of which are also indicated below. Grade (IDA) MD/TMM ED/CGM GM DGM/Sr.DGM/JGM/AGM Mgr./AM Rs. 25000-80000 and above up to highest non-exe cadre Below Rs.25000-80000/-"
What is the rate of Lodging charges?,"If the employees are required to stay at the tour station for one or more nights, they are also entitled to lodging charges, the maximum rates exclusive of taxes of which are also indicated below. Grade (IDA) MD/TMM ED/CGM GM DGM/Sr.DGM/JGM/AGM Mgr./AM Rs. 25000-80000 and above up to highest non-exe cadre Below Rs.25000-80000/-"
What is the rate of Lodging charges?,"If the employees are required to stay at the tour station for one or more nights, they are also entitled to lodging charges, the maximum rates exclusive of taxes of which are also indicated below. Grade (IDA) MD/TMM ED/CGM GM DGM/Sr.DGM/JGM/AGM Mgr./AM Rs. 25000-80000 and above up to highest non-exe cadre Below Rs.25000-80000/-"
What is the rate of Lodging charges?,"If the employees are required to stay at the tour station for one or more nights, they are also entitled to lodging charges, the maximum rates exclusive of taxes of which are also indicated below. Grade (IDA) MD/TMM ED/CGM GM DGM/Sr.DGM/JGM/AGM Mgr./AM Rs. 25000-80000 and above up to highest non-exe cadre Below Rs.25000-80000/-"
What is the rate of Lodging charges?,"If the employees are required to stay at the tour station for one or more nights, they are also entitled to lodging charges, the maximum rates exclusive of taxes of which are also indicated below. Grade (IDA) MD/TMM ED/CGM GM DGM/Sr.DGM/JGM/AGM Mgr./AM Rs. 25000-80000 and above up to highest non-exe cadre Below Rs.25000-80000/-"
What is the rate of Lodging charges?,"If the employees are required to stay at the tour station for one or more nights, they are also entitled to lodging charges, the maximum rates exclusive of taxes of which are also indicated below. Grade (IDA) MD/TMM ED/CGM GM DGM/Sr.DGM/JGM/AGM Mgr./AM Rs. 25000-80000 and above up to highest non-exe cadre Below Rs.25000-80000/-"
What is the rate of Lodging charges?,"If the employees are required to stay at the tour station for one or more nights, they are also entitled to lodging charges, the maximum rates exclusive of taxes of which are also indicated below. Grade (IDA) MD/TMM ED/CGM GM DGM/Sr.DGM/JGM/AGM Mgr./AM Rs. 25000-80000 and above up to highest non-exe cadre Below Rs.25000-80000/-"
What is the rate of Lodging charges?,"If the employees are required to stay at the tour station for one or more nights, they are also entitled to lodging charges, the maximum rates exclusive of taxes of which are also indicated below. Grade (IDA) MD/TMM ED/CGM GM DGM/Sr.DGM/JGM/AGM Mgr./AM Rs. 25000-80000 and above up to highest non-exe cadre Below Rs.25000-80000/-"
What is the rate of Lodging charges?,"If the employees are required to stay at the tour station for one or more nights, they are also entitled to lodging charges, the maximum rates exclusive of taxes of which are also indicated below. Grade (IDA) MD/TMM ED/CGM GM DGM/Sr.DGM/JGM/AGM Mgr./AM Rs. 25000-80000 and above up to highest non-exe cadre Below Rs.25000-80000/-"
What is the rate of Lodging charges?,"If the employees are required to stay at the tour station for one or more nights, they are also entitled to lodging charges, the maximum rates exclusive of taxes of which are also indicated below. Grade (IDA) MD/TMM ED/CGM GM DGM/Sr.DGM/JGM/AGM Mgr./AM Rs. 25000-80000 and above up to highest non-exe cadre Below Rs.25000-80000/-"
What is the eligibility on official work within the headquarter station?,"The employees, who are required to travel on official work within the headquarters station, are entitled to travel by the following modes and claim reimbursement on actual: Entitlement to travel at official work:- Pay Scale Rs.120000-280000 and above but below TMM Rs.50000-160000 (Exe) and above but less than Rs. 120000-280000 Rs.25000-80000 and above upto Rs.50000-160000 (Non-Exe) Below grade Rs.25000-80000"
What is the eligibility on official work within the headquarter station?,"The employees, who are required to travel on official work within the headquarters station, are entitled to travel by the following modes and claim reimbursement on actual: Entitlement to travel at official work:- Pay Scale Rs.120000-280000 and above but below TMM Rs.50000-160000 (Exe) and above but less than Rs. 120000-280000 Rs.25000-80000 and above upto Rs.50000-160000 (Non-Exe) Below grade Rs.25000-80000"
What is the eligibility on official work within the headquarter station?,"The employees, who are required to travel on official work within the headquarters station, are entitled to travel by the following modes and claim reimbursement on actual: Entitlement to travel at official work:- Pay Scale Rs.120000-280000 and above but below TMM Rs.50000-160000 (Exe) and above but less than Rs. 120000-280000 Rs.25000-80000 and above upto Rs.50000-160000 (Non-Exe) Below grade Rs.25000-80000"
What is the eligibility on official work within the headquarter station?,"The employees, who are required to travel on official work within the headquarters station, are entitled to travel by the following modes and claim reimbursement on actual: Entitlement to travel at official work:- Pay Scale Rs.120000-280000 and above but below TMM Rs.50000-160000 (Exe) and above but less than Rs. 120000-280000 Rs.25000-80000 and above upto Rs.50000-160000 (Non-Exe) Below grade Rs.25000-80000"
What is the eligibility on official work within the headquarter station?,"The employees, who are required to travel on official work within the headquarters station, are entitled to travel by the following modes and claim reimbursement on actual: Entitlement to travel at official work:- Pay Scale Rs.120000-280000 and above but below TMM Rs.50000-160000 (Exe) and above but less than Rs. 120000-280000 Rs.25000-80000 and above upto Rs.50000-160000 (Non-Exe) Below grade Rs.25000-80000"
Whether reimbursement of prolonged treatment is admissible for disease other than mentioned in Para 6.2 & 6.3 of Medical Attendance Rules?,
Whether reimbursement of prolonged treatment is admissible for disease other than mentioned in Para 6.2 & 6.3 of Medical Attendance Rules?,
"My Earlier approval of prolong treatment expired on date viz. 01.01.2022, due to busy schedule of official assignment, I could not apply for renewal. Whether I can get approval from back date?",
"My Earlier approval of prolong treatment expired on date viz. 01.01.2022, due to busy schedule of official assignment, I could not apply for renewal. Whether I can get approval from back date?",
"I was availing prolong treatment from hospital X. Now, i have changed the hospital whether fresh approval for taking treatment from hospital Y is required?",
"For applying for all jobs advertised by UPSC, only an intimation to DMRC is required or prior permission shall be obtained?","Applications for the Civil Services Examination, Engineering Services Examination, Indian Forest Service Examination, Indian Economic Service/Indian Statistical Examination only, as advertised by the UPSC, can be sent directly by the employee under prior intimation to the HR deptt., through the concerned HOD. 
Such applications shall not be counted towards the limit of 04 applications for outside employment, per calendar year. 
All other posts advertised by the UPSC, or, other service commissions, etc., shall be counted towards the limit of 04 applications for outside employment, per calendar year."
What is the general procedure for allotment?,"For staff quarters Upto Type-IV: Upon receiving notice that quarter is vacant, and ready for allotment, the HR wing notifies the respective Committee of the pool. The Committee then issues a notice to inform the shortlisted employees, based on their position in the priority list and their willingness for the quarter location, so as to avoid withdrawal later. After this exercise, the Committee forwards their name to the  HR wing for issuing allotment notice. (Para 8 of Rules) For staff quarters Type-V & above: For Common Pool II, the recommendation for allotment of quarter, as per the priority list and willingness of employee, shall be made by Admin. Deptt. after approval of DF."
Whether allotment shall be made to both wife and husband if they both work in the government sector (one of them being in DMRC)?,"If the husband and wife are both working in government sector (one of them being in DMRC), the spouse working in DMRC can register for DMRC staff quarter. However, the other spouse having occupation of government accommodation will have to surrender the same, before they occupy the DMRC quarter. A declaration to this effect will be taken at the time of registration by the DMRC employee."
What is the amount of marriage gift for male & female employee?,"It is Rs. 4,000/- for male employee and Rs. 8,000/- for female employee."
"If an employee has ancestral property which is not in the name of employee, will he/she be eligible for HBA for construction/renovation on it?","No, title of the land should be in the name of the employee."
The APAR of an HOD under the control of two Directors (Administrative control and Functional control) is required to be signed by which Director?,It is mandatory that their APAR is countersigned by the administrative as well as functional Director.
"In case, any applicant who chooses to submit his/her application for Appointment on Compassionate Ground without appearing in the Written / Test, he/she may submit his/her application to be considered for which post / pay-scale?","Multitasking Staff (MTS), in the pay scale of Rs. 16000 – 50000"
How to apply for retention?,An allottee seeking retention of accommodation may submit a hard copy of the application duly      forwarded by his/her office and submitted to the HR department immediately on the occurrence of the event necessitating such permission. The request for retention should be accompanied by the following documents:
"If an employee requests for early relieving (i.e., before 90 days), then how he/she can get approval?","If employee requests for early relieving (i.e., before 90 days), they can be allowed to do so with the approval of the Competent Authority i.e., concerned Director, and by making payment equivalent to last drawn (Basic Pay + DA) for the balance shortfall period."
"Does an Immovable Property owned / purchased by spouse of employee, using their own funds and in their own name, requires to be mentioned in the APR?","No.
Such Immovable property details are not required to be mentioned in the APR."
When is the APR required to be filled?,"APR is required to be filled on 31st Dec, every year."
Whether an employee can avail HBA to purchase a house in an unapproved colony/area?,"No, HBA will be granted for approved colonies/areas only."
"Whether house can be purchased jointly with brother/sister/father/mother/son/ daughter, while availing HBA?","No, HBA cannot be given in such cases."
Whether home loan from banks/financial institutions can be swapped to DMRC HBA?,"Yes, employee who has already taken Home Loans from Banks and other Registered Financial Institutions is allowed to  migrate  to  HBA,  subject  to  fulfilment  of  the  other conditions as per extant rules."
Can an employee combine joining time with CL?,Joining time can be combined with any kind of leave except casual leave.
How many CL are available for field staff?,12 nos. of CL are available for the field staff.
"What is the ceiling limit of reimbursement provision of Tablet PC to dependent daughter, on her joining regular PG course","The eligibility for reimbursement is Rs. 15,000/- or the actual cost of tablet PC, whichever is less."
How many CL are available for field staff?,12 nos. of CL are available for the field staff.
"Is there any time limit within which the claims from SWF shall be made, from the date of occurrence of event (For eg. Date of marriage)?","All claims shall be made within six months of the occasion, failing which no claim shall be entertained."
Can an employee combine joining time with CL?,Joining time can be combined with any kind of leave except casual leave.
What are common proceedings?,"Where two or more employees are concerned in a case, the authority competent to impose a major penalty on all such employees may make an order directing that disciplinary proceedings against all of them may be taken in a common proceedings and the specified authority may function as the disciplinary authority for the purpose of such common proceedings."
Within how many days Compensatory rest can be availed?,"Compensatory Rest should be availed within a period of 30 days, in lieu of which it is claimed."
Maximum how many Compensatory Rests can be availed in a single stretch at a time by a non-executive employee?,A maximum of three days of Compensatory Rest may be availed in a single stretch at a time.
What is the maximum value of the gift in the case of Executives which has to be reported to the Competent Authority?,The maximum value of the gift in the case of Executives which has to be reported to the Competent Authority is Rs. 25000/-.
What is the maximum value of the gift in the case of Non-Executives which has to be reported to the Competent Authority?,The maximum value of the gift in the case of Non-Executives which has to be reported to the Competent Authority is Rs. 15000/-.
Who is the Competent Authority to approve the initial engagement on Post Retirement Contractual Engagement basis?,All initial engagements on PRCE basis shall be made with the approval of the Managing Director.
Will an employee get incentive after successful completion of online course?,"No incentive is admissible for completing the online course. Only the course fee, within the prescribed limit, is reimbursable, subject to completion of course."
What is the condition for forwarding application for outside employment for absorbed employees?,"For absorbed employees (employees who join DMRC, initially on deputation and are absorbed later), no application will be forwarded for outside employment until they complete two years of service after absorption. Thereafter four applications per calendar year will be forwarded for outside employment in Govt. department / office."
"What are the guidelines for the employees to have connection with media (press, tv channel, radio, internet multimedia etc.)","a.    No employee of the Corporation shall, except with the previous sanction of the Competent Authority, own wholly or in part, or conduct or participate in the editing or management of any newspapers or other periodical publication. b.   No employee of the Corporation shall, except with the previous sanction of the Competent Authority upload any matter on internet. Provided that no such sanction shall be required if material/ contribution is of a purely literary artistic or scientific character. c.    No employee of the Corporation shall, except with the previous sanction of the Competent Authority is permitted to take part in any show or act in the film"
"In case of contract employees, will their application for outside employment be forwarded by Corporation?","In case of contractual employees, forwarding of application for outside employment is not required. In such cases, however intimation of outside employment application is mandatory."
"If an employee is on contract, then after how many years of service, he/she will be eligible for permission for higher studies?","For employees on contract, permission for pursuing higher studies (part time/correspondence/distance learning mode only) shall be given, only on completion of their 3 years’ service in DMRC. 
However, they will not be eligible for any incentive for acquiring higher qualification."
Whether contractual services subsequent upon regularisation can be considered for eligibility of HBA?,"Yes, 70% period of contractual service shall be considered."
Is the service rendered during contractual tenure considered as residency period for promotion purpose?,"Subsequent upon regularization, the contract service of such employees shall be counted @ maximum up to 70% for further promotion in DMRC. The maximum period of past contract service shall not exceed the quantum of 1.4 years (approx. 70% of 02 years), for promotion purposes and for other purposes including availing of various advances."
What is the maximum limit of fee reimbursement for online courses per block of 3 years?,"Fee reimbursement shall be restricted to Rs. 12,000/- per block of 3 years (from completion of one course)."
What is the crucial date of ascertaining eligibility?,The crucial date of ascertaining eligibility would be the 1st of the month in which open market recruitment advertisement is published / notified
How many days of joining time will an employee get when he/she has to join a new post within Delhi/NCR?,1 day joining time is admissible in such cases.
"An employee who joins DMRC on Deputation basis and is absorbed later on, how the information related to his PVR is maintained in DMRC?","The requirement of PVR is relaxed in case of such employees, who join DMRC on Deputation basis / absorbed in DMRC after completion of deputation, as they are joining DMRC after proper relieving from another Govt. organization / entity."
"An employee who joins DMRC on Deputation basis and is absorbed later on, how the information related to his PVR is maintained in DMRC?","The requirement of PVR is relaxed in case of such employees, who join DMRC on Deputation basis / absorbed in DMRC after completion of deputation, as they are joining DMRC after proper relieving from another Govt. organization / entity."
"Would the Deputationists be granted seniority upon absorption, in DMRC, as per his parent department’s seniority?","The seniority of a deputationists upon absorption in DMRC shall count from the date following the date of acceptance of his/her resignation by the parent organization.In case, an employee is absorbed in a grade corresponding to his/her substantive grade in parent cadre, the service rendered in the parent cadre as well as on deputation in DMRC, shall be counted for the next promotion."
If an employee is inducted on Direct Recruitment basis. What is their probation period?,"(i) Minimum period of 01-year, in case of induction at the level of DGM & above. (ii) Minimum period of 02 years for non-Executive cadre up to the level of Manager."
"The Order of the Disciplinary Authority can be challenged, before whom?","The Appellate Authority, as defined under Rule 50 of the DMRC Conduct Discipline and Appeal Rules."
"Where are the Disciplinary Authority, Appellate Authority and Reviewing Authority notified?","The Disciplinary Authority, Appellate Authority and Reviewing Authority, for each grade, has been defined in the Rule 41 along-with the Schedule – A of the DMRC Conduct Discipline and Appeal Rules."
"If the discipline of an employee is changed at his/her own request, then how is the seniority in the new discipline fixed?",The seniority in the new discipline is fixed at the bottom of the list.
"If the discipline of an employee is changed on administrative ground, then how is the new seniority fixed?","The employee will get his / her due seniority in the new discipline, reckoned from the date of entry to the grade."
If the distance between an employee’s old HQ and new HQ is 1000 Km or less. How many days of joining time will he/she get?,10 days (in case of travel by air: 7 days) are admissible in such cases.
If the distance between an employee’s old HQ and new HQ is more than 2000 Km. How many days of joining time will he/she get?,15 days (in case of travel by air: 12 days) are admissible in such cases.
If the distance between an employee’s old HQ and new HQ is more than1000 Km and less than 2000 Km. How many days of joining time will he/she get?,12 days (in case of travel by air: 9 days) are admissible in such cases.
"Who are exempted from the DMRC Conduct, Discipline and Appeal Rules?","a.    Those in casual employment or paid from contingencies, and, b.   Those who are inducted on Contract (Re-Employment, Retainership basis, Consultant, Advisor, Post Retirement Contractual Engagement, Contract)"
"If an employee requests for early relieving (i.e., before 90 days), then how he/she can get approval?","If employee requests for early relieving (i.e., before 90 days), they can be allowed to do so with the approval of the Competent Authority i.e., concerned Director, and by making payment equivalent to last drawn (Basic Pay + DA) for the balance shortfall period."
When can an employee become eligible to get NOC for Higher Education for pursuing correspondence/ part time/ distance learning mode?,"Employee becomes eligible for such NOC, after completion of Probation and further 01-year regular service, after that."
"If an employee is pursuing any educational course prior to the appointment in DMRC, can he/she continue?","The employees, who were already pursuing any educational course prior to the time of appointment in DMRC, will require to obtain permission to continue pursuing the same. However, permission shall not be granted to such candidates who are pursuing regular full-time educational courses and the remaining duration of such courses are required to be completed through full time mode only."
What is the education qualification for the post of MTS?,The education qualification for the MTS shall be Matriculation / Xth pass.
Can permission be given to an employee to pursue more than one educational course at any given time?,No. Employee is not given permission to pursue two educational courses simultaneously.
"In case of two DMRC employees being married to each other, can they both make claim for child birth gift?","No, in such case, only one employee (on whom the child is dependent in DMRC records) may make the claim."
"Whether house can be purchased jointly with the spouse, while availing HBA?","Yes, in this case a NOC to mortgage the property with DMRC will be submitted by the spouse on non-judicial stamp paper."
Whether employee is eligible for 2nd HBA after complete repayment of 1st HBA.,No. Not more than one advance shall be admissible to an employee during the entire service.
Who shall be eligible for consideration for Compassionate Appointment in DMRC?,"The dependent of a deceased employee shall be eligible for consideration for appointment on compassionate grounds, on need-cum-eligibility/suitability for the post."
An employee selected against an Advt. dated 2016 joined DMRC in May 2017 due to some reasons and such extension was granted to him by Competent Authority. Another employee selected for the same post against an Advt. dated Jan 2017 joined DMRC in March 2017. Which of the two employees will be senior?,"Candidates selected for appointment at an earlier selection shall be senior to those selected later, irrespective of date of joining within the stipulated period."
Can an employee avail joining time in parts?,"Joining time should be availed in a single stretch, within six months from the relieving date, on transfer. It cannot be, under any circumstances, be availed in parts."
Whether employee is eligible for HBA during probation/Contractual period?,"No, only regular, confirmed and absorbed employee of the Corporation with minimum 2 ½ years continuous service as on the date of application for advance will be eligible."
If an employee fails to submit his/her Self Appraisal of APAR then what happens?,"In case, an employee fails to initiate their APAR within the stipulated time frame, the Reporting Authority can initiate the employee’s APAR without the Self-Appraisal and follow the regular course of action on APAR."
Do all employees are required to fill the APR?,"No.
APR is required to be filled by Executives of DMRC [Including Direct recruits / Deputationists / Contractual/Post Retirement Contractual Engagement]"
"For transfer of an employee from O&M to Project or Vice versa, who is the Competent Approving authority?","Approval of both the concerned Directors is required, in such cases."
"Family in relation to an employee includes as per the DMRC Conduct, Discipline and","a.    Employee’s Spouse,"
If an employee is inducted on Direct Recruitment basis. What is their probation period?,"(i) Minimum period of 01-year, in case of induction at the level of DGM & above. (ii) Minimum period of 02 years for non-Executive cadre up to the level of Manager."
"If an employee is transferred on his/her own request, will he/she be eligible for CTG and other transfer facilities?","No, such facilities are admissible for transfers on administrative grounds only."
"In case of two DMRC employees marrying each other, are they both eligible to claim marriage gift?","Yes, in such case, both the DMRC employees may claim marriage gift."
"If an employee has tendered the resignation, then during notice period of 90 days what kind of leaves he/she can avail?","Subsequent upon tendering resignation, an employee is allowed to avail only CL/RH during the notice period of 90 days."
If an employee gets temporarily transferred (for a period not exceeding 180 days). Will he/she get joining time?,"No. 
Only the actual transit time is allowed, as in the case of journey on tour."
"Two employees, competing for the same post, secure the same marks in the DPC. How will their seniority be determined?","In case two or more candidates securing same number in the aggregate, their relative merit position for the purpose of empanelment may be determined on the basis of their relative seniority in the feeder grade. The same logic will be applied to fill up the last vacancy."
"Are all the employees of DMRC, members of SWF?","Only regular and contract employee of the Corporation including absorbee’s, are members and it doesn’t include deputationist, re-employment, consultants and a person employed on daily wages or apprentices paid under the Apprenticeship Act, 1961."
What would be paid to a person if he/she is engaged on PRCE basis?,Only a consolidated amount shall be paid according to the substantive pay scale from which they had retired from the Govt/PSUs.
What is meant by Essential Quota and who is entitled for the same?,"10% of staff quarters for phase III and IV will be reserved for essential staff (non-executives only), to ensure expeditious attention towards teething problems related to new technology like UTO, PDS, CBTC which may hamper train services. (Para 11 of Rules)."
If an Executive performs duty on his/her weekly rest. Will he/she be eligible for compensatory rest?,No. Executives are not eligible for compensatory rest in this condition.
"At the end of extended probation period, if the probationer review does not merit ‘Suitable’ assessment. Then what happens?","If at the end of probation period including extended period, the probationer review does not merit ‘Suitable’ assessment, his / her services shall be terminated forthwith, in accordance with the terms of offer of appointment."
How many CL are available for field staff?,12 nos. of CL are available for the field staff.
How many GH/NH are available for field staff?,15 nos. GH/NH are available for the field staff.
Whether employee can get finance from other financial institutions along with HBA?,"Yes, permission for 2nd mortgage can be given, however first mortgage shall be done by DMRC and original documents shall also be retained by DMRC."
What is the rule for employment of near relatives of the employees in any corporation or firm enjoying patronage of the corporation?,"a.    No employee shall use his/her position or influence directly or indirectly to secure employment for any person related whether by blood or marriage to the employee or to the employee’s wife or husband; whether such a person is dependent on the employee or not. b.   No employee shall, except with the previous sanction of the Competent Authority permit his/her son, daughter or any member of the family to accept employment with any Company or firm with which he has official dealings, or with any Company or firm, having official dealings with the Corporation c.    No employee shall in the discharge of his/her official duties deal with any matter or give or sanction any contract to any Company or firm or any other person if any member of his/her family is employed in that Company or firm."
"The grant of Funeral assistance in case of death of a family member, includes which all family members?","The grant is applicable in case of death of family members viz. spouse, child and parents, irrespective of their dependency status and the condition that they were staying with the employee."
What is the General Conduct which is to be observed by every employee?,Every employee of the Corporation shall at all times: - a.    maintain absolute integrity b.   maintain devotion to duty c.    do nothing which is unbecoming of a public servant.
How many GH/NH are available for field staff?,15 nos. GH/NH are available for the field staff.
"What is the amount for Child Birth Gift? For how many children, this may be claimed?","Rs.2,500/- is given as Child birth gift, which is limited to first two children only. However, in case the second delivery results in birth of twin children, then the grant shall be admissible for both the twins."
The grant of marriage gift for son / daughter of employee is admissible to only non-executive employees or is it admissible for the Executive employees also,It is applicable to both Executive and Non-Executive employees.
"Upon Resignation from DMRC to join another Govt. Organization, through proper channel, with less than 5 years’ service in DMRC, can the Gratuity be transferred to that other Govt. Organization?","Transfer of Gratuity, even if, service is less than 5 years in DMRC, if, employee joins other Government organization through proper channel their service is treated as continuous service and all benefits are transferable.
An undertaking from the prospective employer, i.e., other Government organization, should also be taken that if the employee resigns from there, before completing 5 years (DMRC service put together) the gratuity paid will be refunded to DMRC."
Is it possible   to repay HBA before the scheduled period?,"Yes, any time employee can make part repayment of outstanding sum or foreclose it completely."
Is it possible   to sell the house before re-payment of HBA?,"No, release of original property papers and transfer of the property shall be done only after clearing the outstanding HBA with DMRC."
What is the maximum period for repayment of HBA?,Maximum period for repayment of HBA is 20 years (15 years principal and 5 years interest)
Whether HBA may be granted to purchase a property on Power of Attorney?,"No, HBA will be given on Registered/Government approved property."
How much HBA amount can be sanctioned to an employee?,"As per DMRC House Building Advance Rules, ""HBA limit including  cost  of  land  of  the  house  is  60  times  of  basic  pay  or ₹ 40.00 lakh or cost of property whichever is less."""
"If an employee completes a Higher Education course, after obtaining NOC from DMRC and secures less than 60% marks, will he / she still be eligible for grant of incentive on acquiring such qualification.","No. 
Only the qualification will be added in the service records as incentive is applicable in only those cases, where employee secures more than 60% marks."
"If Honorarium is paid for working on weekly rest day to an O&M employee, then will he/she be eligible to get compensatory rest/conveyance charge also?","Where honorarium is paid for working on weekly rest day, like exam duty etc., no Compensatory Rest/ conveyance charges will be admissible for O&M employees."
"Can an employee purchase a house beyond cost ceiling limit of ₹1.00 cr, while availing HBA.","Yes, maximum up to 25% over the ceiling limit with reasonable income sources may be approved."
"Upon immediate joining in DMRC, will the employee be eligible to seek NOC for outside employment?","For new recruits (who join DMRC, on direct recruitment basis), it will be a condition on their appointment that no application of theirs would be forwarded for outside employment until they complete their probation period and one-year regular service in the Corporation thereafter. 
On completion of the said period, only four applications per calendar year will be forwarded for outside employment in Govt. department / office. Out of four applications, only two can be for deputation basis."
Will an employee get incentive after successful completion of online course?,"No incentive is admissible for completing the online course. Only the course fee, within the prescribed limit, is reimbursable, subject to completion of course."
What are the conditions for inclusion of a qualification in service records / monetary incentive for qualification acquired after obtaining due permission?,Qualification/s acquired after obtaining due permission from Management shall be considered for inclusion in the service records / departmental promotions / monetary incentive etc. if attained with minimum 60% marks or an equitable grade thereof.
The Indemnity Bond required to be filled by employee seeking incentive on completion of higher education course requires the employee to be in DMRC’s service for how many years?,It requires the employee to be in DMRC’s service for atleast 02 years.
"An employee who joins DMRC on Deputation basis and is absorbed later on, how the information related to his PVR is maintained in DMRC?","The requirement of PVR is relaxed in case of such employees, who join DMRC on Deputation basis / absorbed in DMRC after completion of deputation, as they are joining DMRC after proper relieving from another Govt. organization / entity."
Can an employee avail joining time in parts?,"Joining time should be availed in a single stretch, within six months from the relieving date, on transfer. It cannot be, under any circumstances, be availed in parts."
Can an employee combine joining time with CL?,Joining time can be combined with any kind of leave except casual leave.
If an employee joins other Government department through proper channel. What kind of leaves can be transferred?,Transfer of the leave both Earned Leave (Encashable& Non-encashable) and Medical Leave (LHAP).
Whether sanctioned HBA can lapse?,"Yes, if not utilized within a period of 4 months from the date of issue of the office order"
"If the remark (at the end of probation period) on the last assessment of an employee is “Not suitable”, then what will happen?","The probationer may be treated as on further extended probation. A maximum period of one year of extended probation can be allowed at the discretion of Management only, if, it is felt that the probationer can improve and earn suitability during the extended probation period."
What leaves are admissible to those engaged on PRCE basis?,"For those working against Regular Posts: - 1.   Special Leave: 01, per completed month. 2.   Casual Leave: 08/12 in a calendar year, as admissible to regular employees. 3.   Restricted Holidays: 02, at par with regular employees."
What is License Fee?,License fee means the sum of money payable monthly in addition to HRA with respect to residence allotted under these rules. (Para 8.6 of the Rules)
"What is age limit for candidates, to be considered for Post-Retirement Contractual Engagement basis?","The age of the candidates should be between the ages 55 years to 62 years, as on the crucial date. However, Corporation reserves the right to relax both the lower and the upper age limits, in exceptional circumstances, warranted on account of public exigency(ies)."
"What are the criteria for change of location, after allotment?","Change of location is not allowed, except under the following circumstances: 1.      Change of location is in the interest of administration, with the approval of with the approval of DF (for Type V and above) / DOS (for quarters upto Type IV). 2.      Medical grounds (as per recommendation of Committee), and based on availability. 3.      Mutual exchange"
What are Major Penalties which can be imposed on an employee?,"a.   [save as provided for in clause 40.1(iv)] Reduction to a lower stage in the time-scale of pay for a specified period, with further directions as to whether or not the employee will earn increments of pay during the period of such reduction and whether on the expiry of such period, the reduction will or will not have the effect of postponing the future increments of his/her pay; b.   Reduction to a lower time-scale of pay, grade, post or service, with or without further directions regarding conditions of restoration to the grade or post or service from which the DMRC employee was reduced and his seniority and pay on such restoration to that grade, post or service; c.   Compulsory Retirement; d.   Removal from service which shall not be a disqualification for future employment under the Government or PSUs; e.    Dismissal from service which shall ordinarily be a disqualification for future employment under the Government or PSUs."
In what manner can the Appellate Authority decide the Appeal?,"The Appellate Authority may pass order confirming, enhancing, reducing or setting aside the penalty or remitting the case to the authority which imposed the penalty or to any other authority with such direction as it may deem fit in the circumstances of the case."
What is the maximum limit of fee reimbursement for online courses per block of 3 years?,"Fee reimbursement shall be restricted to Rs. 12,000/- per block of 3 years (from completion of one course)."
"When an employee is in service, he/she went through medical check-up by nominated hospital. What is the duration of validity of the medical fitness report?",The validity of medical fitness report is till 06 months from such medical examination
What is the minimum and maximum age for a candidate for recruitment in DMRC?,"The minimum age for the applicant shall be 18 years of age. The maximum age shall be 32 years for ‘Executive’ posts and 33 years for ‘non-executive’ posts, with the usual relaxation for reserved categories as per the guidelines of the Govt. of India, as issued from time to time"
"What is the minimum and maximum age for a departmental candidate, to be considered for open market recruitment in DMRC?","The Existing DMRC employees who have completed at least 3 years continuous service in DMRC, as on the crucial date, shall be given an upper-age relaxation/limit to the extent, that for Executive posts, the maximum age relaxation shall be UR – by 5 years, OBC – 8 years and SC/ST –10 years and for Non-Executive posts, the upper-age limit for the employee shall be for UR – 40 years, OBC – 43 years and SC/ST – 45 years"
What is the minimum floor area of property for availing HBA.?,Minimum floor area should not be less than 33 sq. mt.
What is the minimum period for which an employee should have rendered service for generation of his / her APAR?,"The employee should have completed minimum 90 days of service in the Corporation on assessment year ending, i.e., on 31st March of the year."
What are the minimum qualifying marks in the Computer Based Test and Personal Interview?,The minimum qualifying marks in the Computer Based Test and Personal Interview for UR/EWS candidates will be 40%. For SC/ST/OBC/PwBD candidates the qualifying marks will be 30%.
What are Minor Penalties which can be imposed on an employee?,"a.  Censure b.   Withholding of his/her promotion c.    Recovery from his/her pay of the whole or part of any pecuniary loss caused by him/her to the Corporation by negligence or breach of orders d.   Reduction to a lower stage in the time-scale of pay by one stage for a period not exceeding three years, without cumulative effect and not adversely affecting his/her terminal benefits. e.    Withholding of increments of pay"
How mutual exchange of accommodation can be sought?,"For the personal convenience of two allottees, mutual exchange of accommodation is permitted on a request received from both allottees through their respective departments."
"For celebration of which National Festival, there is provision to release grant to the Staff quarters under SWF Rules?","Only for celebration of Independence Day, a fixed amount, which is based on the number of occupied flats, is granted to the RRAs of the staff quarters for celebration."
"If an employee has not availed joining time, as admissible. What will happen to the un-availed portion of joining time?","When the employee joins the new post without availing of full joining time, as admissible, the un-availed portion of joining time shall be credited to his / her earned leave account (non-encash able) subject to the restrictions on accumulation of earned leave."
What is the notice period required for tendering resignation and seeking relieving from employment of DMRC?,The notice period required for tendering resignation and seeking relieving from employment of DMRC is 90 days
What are the working hours of an employee of O&M wing working at Depot / Station / Crew Control / OCC?,"All work centers of O&M Wing like Depots, Stations, Crew Controls, OCC etc. will function on 6 days a week (8 hours a day) and shifts / duty for round the clock functioning."
"After how many years of service in DMRC, an employee becomes eligible for permission to pursue an online generic course?","The online courses, from the approved list, can be undertaken by any regular employee / contract employees who has put in 02 years’ services, irrespective of their being in any job profile. Prior permission would be required to pursue online courses though."
Whether employee can be penalized for non submission of original title deed on time.?,"Yes, if, the employee fail to submit the original documents of property with-in one month of withdrawal of final instalment of HBA or completion certificate, whichever is earlier, a flat 2% interest over and above the normal HBA interest shall be charged on total withdrawn advance amount as a penalty."
"For a deputations, how many applications of outside employment will be forwarded to their parent unit in one calendar year?","In case of deputationists, only one application per calendar year will be forwarded to their parent unit."
How much is the life of the panel?,"The life of the recruitment panel shall be two years from the date of approval by the Competent Authority, which may be extended by one more year with the approval of the Managing Director"
My father has a plot. Can I avail HBA for construction of house on this plot?,"No, title of the land should be in the name of the employee."
How many pay-scales are there for Executive posts?,There are 10 pay-scales for Executive posts.
How many pay-scales are there for non-executive posts?,There are 11 pay-scales for non-executive posts.
What is the penal rent payable upon occupation beyond cancellation of allotment or overstayal beyond admissible quarter retention limit?,"When an employee continues to occupy a staff quarter, whose allotment in his/her favour has been cancelled or is deemed to be cancelled, he/she will be liable to pay per month penal rent equal to one month’s basic pay of the allottee w.e.f. the date of cancellation/overstayal of the allotment."
What types of penalties may be imposed against an allottee is found to be guilty of subletting?,"In case of subletting or sharing of accommodation with unauthorized persons, the HR Department may, after detailed enquiry, cancel the allotment and undertake disciplinary action."
What is the period of engagement and SOP for Post-Retirement Contractual Engagement?,"(i)   Initial engagement: for one year, which may be extended, upto 62 years of age, or, one year from the date of engagement, whichever is later."
What is the periodicity of APAR?,"The periodicity of APAR is - 1st April to 31st March, every year."
Can an employee seek extension for taking possession of quarter after allotment?,"After allotment, extension for taking possession up to 3 months may be given in genuine cases (i.e. problems faced due to ongoing academic session of children, medical condition etc.) with the approval of HoD / HR/O&M department, for staff quarters (Type II, III and IV) at all locations and with the approval of HoD/Admin. for staff quarters (Type V and above) at all locations. Double license fees will be charged for the duration of extended period. (Para 12.3 of the Rules)"
What are the different types of Post Retirement Contractual Engagement?,(i)       Re-employment: against regular post (ii)     Consultant: against regular post and otherwise (iii)    Advisor: against regular post and otherwise (iv)    Retainership: not against a regular post
"Under Review of service, the premature removal of an Executive from service of DMRC requires whose approval?","The premature removal of an Executive from service of DMRC, under this clause, shall require the approval of the Board of Directors."
"If an employee has not taken prior permission for forwarding of application, will he/she get an NOC at the time of interview?","“No Objection Certificate” will not be granted at the time of interview unless application is forwarded officially, through proper channel or permission for applying for outside employment is obtained before applying for the said job. Post facto consideration of such request is not allowed."
How is priority fixed for the various types of accommodation?,"Now, the process of registration for staff quarters has been moved to ESS. The existing priority list  is updated on ESS as per the date/time of registration being captured on ESS. (Para 7 of Rules)"
"If an employee wants to apply for private job in outside organization, will such application be forwarded by DMRC?","No.
Such provision is not applicable on request to apply for Private sector jobs."
"At the end of extended probation period, if the probationer review does not merit ‘Suitable’ assessment. Then what happens?","If at the end of probation period including extended period, the probationer review does not merit ‘Suitable’ assessment, his / her services shall be terminated forthwith, in accordance with the terms of offer of appointment."
"At the end of extended probation period, if the probationer review does not merit ‘Suitable’ assessment. Then what happens?","If at the end of probation period including extended period, the probationer review does not merit ‘Suitable’ assessment, his / her services shall be terminated forthwith, in accordance with the terms of offer of appointment."
Does Probation include period on which employee was on Leave Without Pay,"No, the probation period shall exclude Leave without Pay"
If an employee is inducted on Direct Recruitment basis. What is their probation period?,"(i) Minimum period of 01-year, in case of induction at the level of DGM & above. (ii) Minimum period of 02 years for non-Executive cadre up to the level of Manager."
"If an employee is promoted from Non-Executive to Executive, then what is the probation period?","In such case, the probation period shall be 24 months."
"If the remark (at the end of probation period) on the last assessment of an employee is “Not suitable”, then what will happen?","The probationer may be treated as on further extended probation. A maximum period of one year of extended probation can be allowed at the discretion of Management only, if, it is felt that the probationer can improve and earn suitability during the extended probation period."
"If an employee is promoted from Non-Executive to Executive, then what is the probation period?","In such case, the probation period shall be 24 months."
"If an employee is promoted from Non-Executive to Executive, then what is the probation period?","In such case, the probation period shall be 24 months."
Is the service rendered during contractual tenure considered as residency period for promotion purpose?,"Subsequent upon regularization, the contract service of such employees shall be counted @ maximum up to 70% for further promotion in DMRC. The maximum period of past contract service shall not exceed the quantum of 1.4 years (approx. 70% of 02 years), for promotion purposes and for other purposes including availing of various advances."
What is the definition of Public Servant under DMRC Conduct Discipline and Appeal Rules?,"‘Public Servant’ shall mean and include a person, as mentioned in Section 21 of Indian Penal Code, or, Section 2(28) of Bharatiya Nyaya Sanhita, 2023, as applicable, or, as amended from time to time"
"An employee who joins DMRC on Deputation basis and is absorbed later on, how the information related to his PVR is maintained in DMRC?","The requirement of PVR is relaxed in case of such employees, who join DMRC on Deputation basis / absorbed in DMRC after completion of deputation, as they are joining DMRC after proper relieving from another Govt. organization / entity."
What is the rate of contribution of employees towards SWF Trust,"There are five different rates of contribution, as per the designation of employee:- •   Unskilled, Semi-skilled – Rs.15/- pm •   Below Supervisors – Rs. 20/- pm •   Supervisors – Rs. 35/- pm •   Executives upto AGM – Rs. 60/- pm •   HoDs and above – Rs. 70/- pm"
What is the rate of interest on HBA?,Applicable rates of interest on HBA are as under: Upto 12 lakh  : 5% From 12 lakh to 15 lakh  : 7.5% From 15 lakh to 50 lakh  : 9%
When does the Recruitment Year start / end?,“Recruitment Year” means the year commencing from the 1st of January to the 31st December of the year
What is the maximum limit of fee reimbursement for online courses per block of 3 years?,"Fee reimbursement shall be restricted to Rs. 12,000/- per block of 3 years (from completion of one course)."
Is there any provision of release of funds to celebrate Ambedkar Jayanti from SWF?,"A lumpsum amount of Rs. 50,000/- may be sanctioned each year to an authorized employee nominated by Liaison Officer."
"What is the minimum duration for which the Reporting / Reviewing Authority must have supervised the work of an employee, to be able to be the Reporting / Reviewing Authority in APAR?","APAR to be written by the Reporting Officer immediately superior to the employee concerned and reviewed by the next higher authority. In both cases, they should have supervised the work of employee for not less than three months."
"In case an employee requests for grant of additional joining time (than permissible days), who is the Competent Authority to decide on such request?","MD is the Competent Authority, to consider such requests."
Is there any reservation for reserved categories for allotments?,Yes. 10% of quarters will be reserved for SC and ST candidates in Type-II quarters and 5% will be reserved in Type-III and IV. The ratio of SC and ST employees in the reserved quota will be 2:1. (Para 7.8 of Rules)
Is the service rendered during contractual tenure considered as residency period for promotion purpose?,"Subsequent upon regularization, the contract service of such employees shall be counted @ maximum up to 70% for further promotion in DMRC. The maximum period of past contract service shall not exceed the quantum of 1.4 years (approx. 70% of 02 years), for promotion purposes and for other purposes including availing of various advances."
What are the entitlements for various types of residential accommodation?,"All staff quarters have been categorized into Type II, Type III, Type IV, Type V and Type VI, each of which can be allotted to a registered employee as per his/her eligibility based on payscale. (Para 3 of Rules)."
What is the period of retention permissible after an allottee ceases to be eligible?,"An allotment is cancelled or is deemed to have been cancelled on the expiry of the concessional period of retention permissible under the Rules or he/she vacates the quarter on his own. The retention period admissible, including the concessional period, and the rates of license fee prescribed thereof for different situations are indicated at Para 12.4 of the Rules."
An employee who has been sanctioned HBA for purchase of property wants to change his property after possession. Will he be eligible for continuing HBA on changed property?,"No, after availing HBA, employee cannot change his property."
Can HBA be sanctioned for purchase of a Plot?,"No. For purchase of plot, no HBA will be granted. However if the employee intends to construct a house there on then with this condition upto 40% of the eligible HBA can be sanctioned."
What are the modes of selection on Post Retirement Contractual Engagement?,Against regular posts: - For Internal Candidates (superannuating DMRC officials):
Self-Appraisal in the APAR is required to be filled by employees at which level?,"All employees are required to submit their self-appraisal, to summarize their achievements during the year under review including specialachievements (if any)."
The seniority in the grade for an employee who joined DMRC on contract basis is counted from which date?,Seniority will be will counted after applying 70% post service benefits.
Are there separate Pools/Quotas within the Parent Pool?,"Sub-Pools have been done away with, and each parent department will have one unified priority   list."
How many years of service is required to pursue regular / full time education program?,"For pursuing regular/ full-time education program, the request will be considered along with the request for Study Leave. 
Study leave shall be granted to a regular employee who has satisfactorily completed the period of probation and has rendered not less than five years of regular continuous service, including the period of probation."
"After how many years of service in DMRC, an employee becomes eligible for permission to pursue an online generic course?","The online courses, from the approved list, can be undertaken by any regular employee / contract employees who has put in 02 years’ services, irrespective of their being in any job profile. Prior permission would be required to pursue online courses though."
"In case of making claim for marriage gift or child birth gift, is it necessary that the spouse or child must be added in their service record?","Yes, for all staff welfare related claims through ESS, all members have to first request for addition of family members in records, and then apply for the claims."
Is the service rendered during contractual tenure considered as residency period for promotion purpose?,"Subsequent upon regularization, the contract service of such employees shall be counted @ maximum up to 70% for further promotion in DMRC. The maximum period of past contract service shall not exceed the quantum of 1.4 years (approx. 70% of 02 years), for promotion purposes and for other purposes including availing of various advances."
"How much service a deputationist is required to put-in, to be considered for Absorption?","A deputationist shall be required to put in a minimum of two years’ service in DMRC, for being considered for absorption in DMRC"
How many years of service is required to pursue regular / full time education program?,"For pursuing regular/ full-time education program, the request will be considered along with the request for Study Leave. 
Study leave shall be granted to a regular employee who has satisfactorily completed the period of probation and has rendered not less than five years of regular continuous service, including the period of probation."
What are the various locations of DMRC Staff Quarters?,"The various locations of DMRC staff quarters are as under: Ajronda, Bahadurgarh, Gurgaon, Mukundpur, Mundka, Najafgarh, New Ashok Nagar, Sarita Vihar, Shastri Park, Shastri Park Two, Vinod Nagar, Yamuna Bank, Noida, Metro Enclave (Pushp Vihar) & Civil Lines."
What is Subletting? Is subletting permissible?,"If an allottee shares the accommodation with an ineligible person or he himself does not reside in the premises, but the same is occupied by others (whether eligible for sharing or not), he will be held to have sublet the house. Subletting is not permissible and can attract disciplinary action and/or cancellation of allotment."
"How much is the Subsistence Allowance paid when paid under suspension, initially?",50% of Basic Pay
When is a Subsistence Allowance given?,At the time of Suspension
"At the end of extended probation period, if the probationer review does not merit ‘Suitable’ assessment. Then what happens?","If at the end of probation period including extended period, the probationer review does not merit ‘Suitable’ assessment, his / her services shall be terminated forthwith, in accordance with the terms of offer of appointment."
How to surrender the staff quarter?,"During the period of allotment, the allottee is required to give at least one month notice to the HR/Admin Department before vacating the premises. In case the allottee fails to give notice he/she shall           be responsible for payment of one month license fee. Prior intimation is not mandatory in case of administrative transfer. (Para 8.8. of Rules)."
In what conditions an employee of DMRC can be placed under Suspension?,a.    Where Disciplinary proceedings against him/her is contemplated or is pending or b.   Where a case against him/her in respect of any criminal offence is under investigation or trial.
Is the Tablet PC reimbursement applicable for non-supervisors only?,It is applicable for all non-executive employees.
What is the tenure of regularization of TADK?,The tenure for regularization of TADK is 03 years.
What is the tenure of regularization of TADK?,The tenure for regularization of TADK is 03 years.
The termination process of an employee may be initiated if he / she remains on an unauthorized leave of how many days?,This process may be initiated if an employee remains on unauthorized absence for 60 days or more days
What is the time limit for charged official to submit his/her written statement of defence on charge sheet?,"The charged official may submit his/her written statement of defence within such time period, as may be specified by the Disciplinary Authority, not exceeding 15 days."
"In how much time, the Appeal is to be decided?",The Appellate Authority shall consider whether the findings are justified or whether the penalty is excessive or inadequate and pass appropriate orders within three months of the date of appeal.
Is there any time-limit to file an appeal against the Order of the Disciplinary Authority?,An appeal shall be preferred within one month from the date of communication of the order appealed against. The appeal shall be addressed to the Appellate Authority specified in the schedule and submitted to the authority whose order is appealed against. The Authority whose order is appealed against shall forward the appeal together with its comments and the records of the case to the Appellate Authority within 15 days.
"For transfer of an employee’s posting station within the jurisdiction of AM, who is the Competent Approving authority?",Dy. HoD is the Competent Approving Authority
Under what circumstances Subsistence Allowances is not payable?,"Deemed Suspension, till the time employee is in custody."
On what basis the seniority of employees who are transferred on their promotion is determined?,"The seniority of employees of DMRC promoted to higher posts shall be maintained as per the panel seniority position, irrespective of the date of assumption of charge of the higher post. This shall be subject to the condition that they assume the charge of the higher post within a period of 06 (six) months, from the date of issuance of the promotion order."
"If an employee wants to withdraw his/her request of resignation within notice period, can he/she be allowed to do this?","The employee can decide to withdraw the request of resignation, for genuine reasons during the notice period. DMRC reserves the right to accept the withdrawal or otherwise if Management approval for acceptance of resignation has been communicated to the employee."
What are the working hours of an employee of O&M wing working at Depot / Station / Crew Control / OCC?,"All work centers of O&M Wing like Depots, Stations, Crew Controls, OCC etc. will function on 6 days a week (8 hours a day) and shifts / duty for round the clock functioning."
"If Honorarium is paid for working on weekly rest day to an O&M employee, then will he/she be eligible to get compensatory rest/conveyance charge also?","Where honorarium is paid for working on weekly rest day, like exam duty etc., no Compensatory Rest/ conveyance charges will be admissible for O&M employees."
"How many chances are given to a candidate to clear the Written Test, in case of Compassionate Appointment?","A maximum of three chances shall be given to a candidate, while in case of candidates, who are SC/ST/Widow/Wife, a maximum of four chances, shall be given."
Can an employee pursue more than one educational course at the same time?,No. Employees cannot pursue two courses simultaneously.
Under what conditions will a qualification be included in service records or eligible for incentive?,"Qualifications obtained with prior permission (NOC) and at least 60% marks/equivalent grade are eligible for inclusion in service records, promotions, and incentives."
How many years of service are required to pursue a regular/full-time education program?,Study leave for full-time programs is granted only after probation + 5 years of continuous service.
Can an employee continue an educational course started before joining DMRC?,"Yes, with permission. However, no permission is granted for full-time courses requiring completion in regular mode."
When are contract employees eligible for permission to pursue higher studies?,"After 3 years of service, for part-time/distance/correspondence courses only. They are not eligible for incentives for higher qualifications."
What are the requirements for recognition of courses?,"Courses must be recognized by AICTE/UGC/DEC or relevant Govt. body, with supporting documents submitted."
What is the condition for receiving incentive after higher studies?,Incentive is paid only after submission of an Indemnity Bond (20 Rs Stamp paper) to serve DMRC for at least 2 years post-incentive.
After how many years of service in DMRC can an employee pursue an online generic course?,"Any regular/contract employee with 2 years of service may pursue approved online courses, with prior permission."
What is the maximum fee reimbursement limit for online courses?,"Reimbursement is capped at ₹12,000 per block of 3 years, counted from completion of one course."
Is any incentive given after successful completion of an online course?,"No incentive is admissible. Only course fees, within the prescribed limit, are reimbursed."
What is the incentive amount for acquiring higher qualifications?,"Ph.D. / Post-Graduation – ₹10,000; Graduation – ₹8,000; PG Diploma (2 years) – ₹6,000; Diploma (3 years) – ₹4,000; Diploma (less than 3 years, approved by Govt. body) proportionate of 3 years course (not less than 6 months period) subject to a minimum Rs.1000/-; Higher Secondary – ₹2,500; High School – ₹1,500."
What topics in General courses or Specialized courses are commonly offered through online courses?,"The updated list of Massive Open Online Courses (MOOCs) has been made available on the intranet, dated 26.11.2024."
What is the minimum and maximum duration of MOOCs?,Minimum duration is 3 weeks and maximum duration is 12 weeks.
Who is eligible for Specialized courses?,Employees of the respective discipline only. RS and Electrical employees can pursue courses of both wings.
What's the amount towards festival advance being released?,"The present ceiling of festival advance for all non-executive employees is Rs. 7,500.00."
What's the eligibility criteria grade wise?,"Allowed to staff up to the grade Rs. 40,000.00 -1,25,000.00 only."
Completed years of service required?,Applicant should have put in one year regular service.
What are the repayment terms?,The advance will be recoverable in maximum 10 installments.
What interest rates will be charged?,No interest shall be charged from the employee.
Is the advance released on a calendar year or financial year basis?,It's released on a calendar year basis.
When employee will be eligible to draw this advance again?,"The employee is eligible again after completing the repayment of the previous advance and meeting the required service period, e.g., one year."
What is the criteria for regular DMRC employee to apply for NOC for outside job?,"Yes, provided the employee meets the minimum service requirement (after probation/absorption) and no disqualifying vigilance or D&AR issues. Contractual employees don’t need forwarding, but must intimate DMRC when they apply elsewhere."
How many outside job applications can be forwarded in a year?,"Up to four applications can be forwarded per calendar year for Govt./PSU/other government bodies, of which at most two can be for deputation posts."
When can a new direct recruit start applying outside through DMRC?,Only after you complete your full probation period and then one additional year of regular service.
When can a DMRC employee on getting absorbed after deputation become eligible to apply outside?,The employee can seek forwarding of his applications only after he completes two years of service after absorption in DMRC.
Will the applications for UPSC exams be counted in the four-application limit?,"Applications for Civil Services, Engineering Services, Indian Forest Service, Indian Economic Service and Indian Statistical Service exams do not count towards your annual limit if you send them directly and only intimate DMRC through proper channel. All other UPSC/Commission posts do count within the four-application limit."
Can NOC be applied for a private sector job through DMRC?,No. DMRC does not forward applications to private organizations.
What could stop the application for NOC from being forwarded?,Your application will not be forwarded if you are under suspension; have a charge-sheeted disciplinary/vigilance/CBI case; have been sanctioned for prosecution or have a criminal charge-sheet filed; or are currently undergoing a penalty.
How do outside applications work for the employee on contract?,"While you are contractual, you only need to intimate DMRC when you apply outside; forwarding is not required. After you are regularised, any earlier applications that are still active will start counting within the normal limit and NOC for interviews will depend on your vigilance/D&AR status."
Will the NOC be provided if the employee does not meet eligibility criteria?,"No, the employee shall meet eligibility criteria such as experience, educational qualification etc. for an NOC to be received. All supplementary documents are mandatory."
If the educational qualification is attained after joining DMRC is it necessary to add it in service records for NOC?,"Yes, it is mandatory to get the educational qualification added in service records of DMRC to attain NOC for outside employment."
Can a permanent employee apply for any contractual post in other govt organization?,"Yes, a permanent employee can apply for posts on contractual, direct recruitment, absorption, etc."
Is NOC required for transactions done with close relatives?,Yes.
What comes under movable property?,"Movable property includes jewelry, insurance policies, shares, securities, debentures, motor vehicles, and household appliances like refrigerators, radios, televisions, etc."
What is the limit of transaction to be reported in DMRC?,Every transaction with value greater than or equal to twice of the basic salary.
What if transactions related to movable property are not reported?,"If employee does not report the transaction, the D&AR may be initiated."
If transaction is done by spouse/children does it need reporting?,"No, if the family members have independent source of income."
Do expenses on child education abroad need to be reported?,"Yes, children’s education abroad also needs to be intimated."
Does ceiling limit apply to ex-showroom or on-road price?,Ex-showroom price.
Is Form 34 mandatory?,"Yes, it will be asked by the agent/dealer for hypothecation of vehicle in favor of financer."
Are bond papers required to be signed on every page?,"Yes, every page of the Bond Papers must be signed by the borrower or employee."
What is the limit of vehicle advance?,"It depends on Employee’s Pay Scale: Rs. 2.5 lakh, Rs. 5 lakh, and Rs. 7.5 lakh depending on grade."
Will DMRC give vehicle advance if ex-showroom exceeds limit?,"No, for Vehicle Advance Ex-Showroom should be less than ceiling limit."
How many vehicle advances can an employee avail?,Three Vehicle Advance during the service period.
What is cooling-off period between vehicle advances?,5 years from the date of disbursement of previous advance and after full settlement.
What documents are required after purchasing vehicle?,"Original invoice/cash receipt, insurance copy, registration certificate, and hypothecation proof."
What kind of changes are done in service records?,"Changes include name, spelling, surname, and details of parents/spouse/children including DOB."
Which office order governs service record changes?,Office order No-O&M/HR/242 of 2022 dated 22.07.2022.
Should form be signed by controlling officer?,Yes (Assistant Manager and above).
Documents required for self name change?,"Annexure A, Deed, newspaper publication, Gazette notification, and ID proofs."
Documents required for surname change after marriage?,"Annexure C, marital status proof, Aadhaar, marriage proof, spouse ID."
Documents required for surname deletion after divorce?,"Annexure C, divorce proof, Aadhaar copies."
Documents required for change in DoB/name of family?,"Annexure D, ID proofs, certificates, Gazette & affidavit if required."
Who is approving authority for HoD level employees?,Director (HR).
Who is approving authority upto Dy HoD level?,HoD/HR.
Who is approving authority for family record changes?,Dy. HoD/HR.
Are leave entitlements a right?,No. Leave cannot be claimed as a matter of right.
Who is covered under leave rules?,All employees unless excluded.
How many days of CL are allowed?,8 days (office) / 12 days (field).
Can CL be carried forward?,"No, it lapses."
Can CL be combined with other leave?,Only with Special Casual Leave.
When is Special Casual Leave granted?,"For specific events like sports, elections, etc."
Maximum limit of Special Casual Leave?,Maximum 30 days.
How is Earned Leave credited?,30 days per year (15+15).
Maximum accumulation of EL?,"150 encashable, total cap 300+15."
Maximum EL at one time?,"120 days India, 180 abroad."
How many days of HPL are credited?,20 days per year.
Maximum HPL at one time?,Up to 24 months.
Who can avail Leave Not Due?,Regular employees with 1 year service.
Maximum limit of LND?,360 days total.
What is Commuted Leave?,Half Pay Leave converted to full pay.
How many days for study leave?,Up to 90 days.
When is EOL granted?,In exceptional cases.
Maximum limit of EOL?,2 years max.
Benefits under WRIIL?,Full pay then half pay.
When is Quarantine Leave applicable?,In infectious disease cases.
Maternity leave entitlement?,182 days etc.
How many times CCL can be availed?,3 times per year.
Is maternity leave separate?,"No, separate."
Can maternity leave be combined?,Yes.
Paternity leave entitlement?,15 days.
Can leave be taken for higher studies?,Yes with conditions.
EL encashment at retirement?,Up to 300 days.
Who accepts resignation?,HoD/Director.
Can employee request early relieving?,Yes with approval and payment.
Can resignation be withdrawn?,"Yes, subject to approval."
What leave allowed during notice period?,Only CL/RH.
Can gratuity and leave be transferred?,Yes transferable.
Can employee rejoin DMRC?,"Yes, limited conditions."
What dues to clear before relieving?,Clear all dues.
Can one parent be added as dependent?,"No, both parents together."
Is daughter above 25 eligible?,Yes if dependent.
Can medical be availed if spouse uses LTC?,Yes with NOC.
Is widow mother eligible?,No.
Are Unani prescriptions valid?,No.
Are OPD bills from non-nominated hospitals reimbursable?,Yes.
Are IPD bills reimbursable?,Yes.
Delivery reimbursement limits?,"₹25,000 / ₹50,000."
Pre-post hospitalization reimbursement?,No except delivery.
Are duplicate bills allowed?,No.
Documents for prolonged treatment?,Annexure D.
Pre-post hospitalization for daycare?,No.
Parents reimbursement allowed?,No.
Documents for medical reimbursement?,Annexure M checklist.
Tooth implantation for widow mother?,No.
Are parents eligible for OPD?,No.
Is cashless facility available everywhere?,No.
Maximum cashless limit?,₹2 lakh.
IOL ceiling for cataract?,"₹15,000 or ₹5,800."
Eye testing reimbursable?,Yes.
Infertility treatment covered?,No.
IVF reimbursement allowed?,Yes with approval.
Can deputation NOC be applied currently?,Not currently allowed.
Max deputation NOCs per year?,2 per year.
Deputation duration?,5 to 7 years.
Components under annual contribution?,"PRMB, EDLI, etc."
Who bears joining time pay?,Borrowing organization.
Procedure after deputation NOC?,Submit willingness and approval process.
Documents at relieving from borrowing org?,"LPC, leave, vigilance details."
LTC/Medical/TA during deputation?,Borrowing organization.
What is CTG?,Composite Transfer Grant.
CTG amount for transfer?,80% or reduced rate.
CTG if no residence change?,No.
Documents required for CTG?,Address proof required.
Who is eligible for CTG?,All eligible employees.
When is CTG paid?,After submission.
Is CTG applicable on retirement?,Yes.
Is CTG automatic?,No.
Can CTG be claimed in same city?,Yes with conditions.
Is CTG linked to other benefits?,No.
Process for family inclusion?,Apply via ESS.
Documents for child inclusion?,"Birth certificate, Aadhaar, NOC."
Documents for spouse inclusion?,"Marriage proof, ID, NOC."
Who is eligible for HBA?,Regular confirmed employees.
HBA amount limit?,60 times basic or ₹40 lakh.
Interest rate for HBA?,5%–9%.
Ceiling limit of house?,139 times basic.
Sureties required?,Two sureties.
Can parents be included as dependents?,Yes with dependency criteria.
Documents for parent inclusion?,"Photo, ID, income proof."
How to apply for parent inclusion?,Apply via ESS.
Whom to contact?,HR Department.
Renewal required?,Yes every 3 years.
Dependency criteria for renewal?,Income criteria.
Documents for renewal?,"Annexure H, ITR, ID."
How to submit renewal?,Submit via HR.
What if not renewed?,Benefits stopped.
Can renewal be online?,No offline only.
Whom to contact for renewal?,HR Department.
Who is eligible for SWF?,All permanent employees contributing.
Can contributions be tracked?,Yes via salary.
Spouse in PSU eligibility?,Yes if declared.
Late SWF application?,No after 6 months.
Both spouses eligibility?,Only one spouse.
Third child SWF?,No for third child.
How to apply for SWF?,Apply via ESS.
Benefits under SWF?,Multiple benefits listed.
Priority number?,Refer intranet.
How to apply for staff quarter?,Refer housing rules.
Procedure for booking community hall?,ESS booking.
Procedure for guest house booking?,Civil department handles.
Conditions for mutual transfer of staff quarter?,Refer housing rules.